split,image,label,source_sample,source_image,source_kind,source_confidence,bbox_xyxy,bbox_yolo,angle,scale_x,scale_y,shear,tx,ty
train,images/train/low_conf_typical_01_01.jpg,labels/train/low_conf_typical_01_01.txt,1,D:\JLAO\uploads\frames\live-1b7df07d370d\phone-972e98832d2d.jpg,low-conf,0.196,"3.65,125.19,430.51,682.77",0 0.470897 0.394512 0.925950 0.544507,-5.371,1.0421,1.0415,0.5184,17.9207,-0.9382
train,images/train/low_conf_typical_01_02.jpg,labels/train/low_conf_typical_01_02.txt,1,D:\JLAO\uploads\frames\live-1b7df07d370d\phone-972e98832d2d.jpg,low-conf,0.196,"34.85,186.43,388.18,681.48",0 0.458820 0.423784 0.766446 0.483443,-0.4169,0.9823,0.9765,-0.3914,0.0888,24.5237
train,images/train/low_conf_typical_01_03.jpg,labels/train/low_conf_typical_01_03.txt,1,D:\JLAO\uploads\frames\live-1b7df07d370d\phone-972e98832d2d.jpg,low-conf,0.196,"23.84,177.69,408.25,676.50",0 0.468647 0.417085 0.833847 0.487127,-3.2495,0.9721,0.9523,0.9923,11.7544,13.9265
train,images/train/low_conf_typical_01_04.jpg,labels/train/low_conf_typical_01_04.txt,1,D:\JLAO\uploads\frames\live-1b7df07d370d\phone-972e98832d2d.jpg,low-conf,0.196,"32.02,153.30,402.13,691.66",0 0.470879 0.412578 0.802859 0.525749,0.5417,0.996,1.0605,1.8352,8.3867,22.2339
train,images/train/low_conf_typical_01_05.jpg,labels/train/low_conf_typical_01_05.txt,1,D:\JLAO\uploads\frames\live-1b7df07d370d\phone-972e98832d2d.jpg,low-conf,0.196,"0.00,127.27,407.41,666.15",0 0.441873 0.387410 0.883746 0.526254,-1.1127,1.0352,1.0555,2.8778,0.1176,-4.8027
train,images/train/low_conf_typical_01_06.jpg,labels/train/low_conf_typical_01_06.txt,1,D:\JLAO\uploads\frames\live-1b7df07d370d\phone-972e98832d2d.jpg,low-conf,0.196,"0.00,148.08,418.08,699.40",0 0.453451 0.413807 0.906901 0.538401,-4.3408,1.0647,1.0436,3.4778,-3.5825,19.115
train,images/train/low_conf_typical_01_07.jpg,labels/train/low_conf_typical_01_07.txt,1,D:\JLAO\uploads\frames\live-1b7df07d370d\phone-972e98832d2d.jpg,low-conf,0.196,"27.82,165.82,392.95,689.56",0 0.456370 0.417669 0.792041 0.511467,-0.8271,1.0098,1.0281,-0.5863,-0.1021,23.5453
train,images/train/low_conf_typical_01_08.jpg,labels/train/low_conf_typical_01_08.txt,1,D:\JLAO\uploads\frames\live-1b7df07d370d\phone-972e98832d2d.jpg,low-conf,0.196,"33.04,174.52,385.40,685.57",0 0.453844 0.419964 0.764345 0.499069,1.1286,0.9576,0.9994,2.0603,-1.023,23.574
train,images/train/low_conf_typical_01_09.jpg,labels/train/low_conf_typical_01_09.txt,1,D:\JLAO\uploads\frames\live-1b7df07d370d\phone-972e98832d2d.jpg,low-conf,0.196,"31.54,136.24,407.32,650.19",0 0.475984 0.383998 0.815153 0.501911,-2.5717,1.0319,0.9856,-1.9697,9.9855,-15.9669
train,images/train/low_conf_typical_01_10.jpg,labels/train/low_conf_typical_01_10.txt,1,D:\JLAO\uploads\frames\live-1b7df07d370d\phone-972e98832d2d.jpg,low-conf,0.196,"0.00,126.71,389.06,649.01",0 0.421978 0.378768 0.843955 0.510053,-2.3834,1.0147,1.008,2.1259,-15.6847,-19.1971
train,images/train/low_conf_typical_01_11.jpg,labels/train/low_conf_typical_01_11.txt,1,D:\JLAO\uploads\frames\live-1b7df07d370d\phone-972e98832d2d.jpg,low-conf,0.196,"21.46,151.79,402.37,653.85",0 0.459688 0.393380 0.826260 0.490297,3.5067,1.0572,0.9479,3.319,1.5287,-8.0681
train,images/train/low_conf_typical_01_12.jpg,labels/train/low_conf_typical_01_12.txt,1,D:\JLAO\uploads\frames\live-1b7df07d370d\phone-972e98832d2d.jpg,low-conf,0.196,"0.00,143.90,417.85,697.83",0 0.453204 0.411002 0.906409 0.540942,-2.897,1.0462,1.0652,3.3411,2.7505,19.3996
train,images/train/low_conf_typical_01_13.jpg,labels/train/low_conf_typical_01_13.txt,1,D:\JLAO\uploads\frames\live-1b7df07d370d\phone-972e98832d2d.jpg,low-conf,0.196,"32.07,127.81,411.21,655.47",0 0.480780 0.382462 0.822445 0.515297,-2.8802,1.0394,1.0084,-2.2059,12.4956,-15.2402
train,images/train/low_conf_typical_01_14.jpg,labels/train/low_conf_typical_01_14.txt,1,D:\JLAO\uploads\frames\live-1b7df07d370d\phone-972e98832d2d.jpg,low-conf,0.196,"0.00,143.79,429.44,706.38",0 0.465775 0.415121 0.931549 0.549399,5.0454,1.0267,1.0594,-2.5488,-15.1498,25.3914
train,images/train/low_conf_typical_01_15.jpg,labels/train/low_conf_typical_01_15.txt,1,D:\JLAO\uploads\frames\live-1b7df07d370d\phone-972e98832d2d.jpg,low-conf,0.196,"17.48,97.86,438.88,649.54",0 0.494967 0.364944 0.914094 0.538751,2.1083,1.0321,1.0698,-3.267,7.1003,-25.3541
train,images/train/low_conf_typical_01_16.jpg,labels/train/low_conf_typical_01_16.txt,1,D:\JLAO\uploads\frames\live-1b7df07d370d\phone-972e98832d2d.jpg,low-conf,0.196,"0.00,134.92,395.09,663.20",0 0.428510 0.389703 0.857020 0.515897,-0.2267,1.0568,1.0448,3.038,-13.643,-3.1649
train,images/train/low_conf_typical_01_17.jpg,labels/train/low_conf_typical_01_17.txt,1,D:\JLAO\uploads\frames\live-1b7df07d370d\phone-972e98832d2d.jpg,low-conf,0.196,"32.48,139.33,412.31,670.73",0 0.482420 0.395537 0.823923 0.518936,-2.5084,1.0204,1.0197,-3.9939,8.8549,-0.3604
val,images/val/low_conf_typical_01_18.jpg,labels/val/low_conf_typical_01_18.txt,1,D:\JLAO\uploads\frames\live-1b7df07d370d\phone-972e98832d2d.jpg,low-conf,0.196,"16.43,128.45,395.11,664.55",0 0.446356 0.387209 0.821416 0.523533,-2.5907,1.0533,1.0281,-2.5438,-4.2601,-8.1846
train,images/train/low_conf_typical_02_01.jpg,labels/train/low_conf_typical_02_01.txt,2,D:\JLAO\uploads\frames\live-1b7df07d370d\phone-28d0bb2d6c1a.jpg,merged-low-conf,0.225,"0.00,382.86,460.00,841.66",0 0.498915 0.597910 0.997831 0.448046,1.7527,1.0422,1.0689,-3.2502,-4.9137,23.6959
train,images/train/low_conf_typical_02_02.jpg,labels/train/low_conf_typical_02_02.txt,2,D:\JLAO\uploads\frames\live-1b7df07d370d\phone-28d0bb2d6c1a.jpg,merged-low-conf,0.225,"26.75,380.79,460.00,834.50",0 0.527930 0.593407 0.939802 0.443078,-4.7543,0.9823,1.0064,-0.7733,-4.9224,25.6414
train,images/train/low_conf_typical_02_03.jpg,labels/train/low_conf_typical_02_03.txt,2,D:\JLAO\uploads\frames\live-1b7df07d370d\phone-28d0bb2d6c1a.jpg,merged-low-conf,0.225,"44.21,353.99,460.00,782.51",0 0.546867 0.554934 0.901928 0.418477,3.8646,0.9994,0.9588,1.2754,18.5895,-13.2401
train,images/train/low_conf_typical_02_04.jpg,labels/train/low_conf_typical_02_04.txt,2,D:\JLAO\uploads\frames\live-1b7df07d370d\phone-28d0bb2d6c1a.jpg,merged-low-conf,0.225,"30.67,370.62,460.00,824.60",0 0.532184 0.583607 0.931294 0.443339,1.5523,0.9918,1.0588,3.2846,-3.7673,9.6025
train,images/train/low_conf_typical_02_05.jpg,labels/train/low_conf_typical_02_05.txt,2,D:\JLAO\uploads\frames\live-1b7df07d370d\phone-28d0bb2d6c1a.jpg,merged-low-conf,0.225,"0.00,336.03,460.00,765.89",0 0.498915 0.538046 0.997831 0.419789,-4.6703,1.0481,0.9514,3.8861,-9.2509,-26.6224
train,images/train/low_conf_typical_02_06.jpg,labels/train/low_conf_typical_02_06.txt,2,D:\JLAO\uploads\frames\live-1b7df07d370d\phone-28d0bb2d6c1a.jpg,merged-low-conf,0.225,"23.98,359.69,460.00,812.85",0 0.524926 0.572532 0.945810 0.442538,4.0026,0.9915,1.0197,-1.6828,12.9577,0.6752
train,images/train/low_conf_typical_02_07.jpg,labels/train/low_conf_typical_02_07.txt,2,D:\JLAO\uploads\frames\live-1b7df07d370d\phone-28d0bb2d6c1a.jpg,merged-low-conf,0.225,"7.04,396.60,460.00,826.72",0 0.506555 0.597324 0.982552 0.420031,0.8337,1.0625,1.0151,-1.9589,-4.2447,27.1085
train,images/train/low_conf_typical_02_08.jpg,labels/train/low_conf_typical_02_08.txt,2,D:\JLAO\uploads\frames\live-1b7df07d370d\phone-28d0bb2d6c1a.jpg,merged-low-conf,0.225,"16.99,359.49,450.50,784.40",0 0.507038 0.558541 0.940352 0.414949,3.3801,0.9586,0.9626,-0.6051,-9.7896,-9.5123
train,images/train/low_conf_typical_02_09.jpg,labels/train/low_conf_typical_02_09.txt,2,D:\JLAO\uploads\frames\live-1b7df07d370d\phone-28d0bb2d6c1a.jpg,merged-low-conf,0.225,"26.42,351.94,460.00,795.01",0 0.527571 0.560035 0.940519 0.432690,1.6922,1.0251,1.0314,-0.7351,6.2138,-12.492
train,images/train/low_conf_typical_02_10.jpg,labels/train/low_conf_typical_02_10.txt,2,D:\JLAO\uploads\frames\live-1b7df07d370d\phone-28d0bb2d6c1a.jpg,merged-low-conf,0.225,"41.11,331.97,460.00,799.62",0 0.543506 0.552535 0.908650 0.456690,-4.9021,0.9936,1.0339,-2.4777,8.0006,-18.2713
train,images/train/low_conf_typical_02_11.jpg,labels/train/low_conf_typical_02_11.txt,2,D:\JLAO\uploads\frames\live-1b7df07d370d\phone-28d0bb2d6c1a.jpg,merged-low-conf,0.225,"41.75,364.34,460.00,806.73",0 0.544196 0.571812 0.907269 0.432030,-2.2166,0.9663,1.0249,3.484,11.9129,1.4544
train,images/train/low_conf_typical_02_12.jpg,labels/train/low_conf_typical_02_12.txt,2,D:\JLAO\uploads\frames\live-1b7df07d370d\phone-28d0bb2d6c1a.jpg,merged-low-conf,0.225,"43.95,337.58,460.00,789.74",0 0.546584 0.550448 0.902494 0.441562,-0.7814,0.9846,1.0688,-2.6339,13.4398,-24.2641
train,images/train/low_conf_typical_02_13.jpg,labels/train/low_conf_typical_02_13.txt,2,D:\JLAO\uploads\frames\live-1b7df07d370d\phone-28d0bb2d6c1a.jpg,merged-low-conf,0.225,"34.92,341.27,460.00,794.12",0 0.536791 0.554388 0.922081 0.442239,-5.0811,0.9784,0.998,-1.7347,0.8216,-13.6914
train,images/train/low_conf_typical_02_14.jpg,labels/train/low_conf_typical_02_14.txt,2,D:\JLAO\uploads\frames\live-1b7df07d370d\phone-28d0bb2d6c1a.jpg,merged-low-conf,0.225,"15.98,374.69,460.00,800.15",0 0.516244 0.573655 0.963174 0.415491,-1.3781,1.0439,0.9944,1.3791,-6.2078,5.1164
train,images/train/low_conf_typical_02_15.jpg,labels/train/low_conf_typical_02_15.txt,2,D:\JLAO\uploads\frames\live-1b7df07d370d\phone-28d0bb2d6c1a.jpg,merged-low-conf,0.225,"4.88,357.85,460.00,795.85",0 0.504206 0.563332 0.987249 0.427737,5.1429,1.0077,0.9613,-0.0127,-7.4291,-5.0243
train,images/train/low_conf_typical_02_16.jpg,labels/train/low_conf_typical_02_16.txt,2,D:\JLAO\uploads\frames\live-1b7df07d370d\phone-28d0bb2d6c1a.jpg,merged-low-conf,0.225,"38.03,386.29,460.00,809.97",0 0.540159 0.584113 0.915343 0.413749,-2.7343,1.0277,0.9674,1.5429,15.8749,18.3042
train,images/train/low_conf_typical_02_17.jpg,labels/train/low_conf_typical_02_17.txt,2,D:\JLAO\uploads\frames\live-1b7df07d370d\phone-28d0bb2d6c1a.jpg,merged-low-conf,0.225,"0.00,340.37,460.00,797.59",0 0.498915 0.555642 0.997831 0.446500,5.4126,1.0162,1.0082,-3.5392,-5.0068,-15.8803
val,images/val/low_conf_typical_02_18.jpg,labels/val/low_conf_typical_02_18.txt,2,D:\JLAO\uploads\frames\live-1b7df07d370d\phone-28d0bb2d6c1a.jpg,merged-low-conf,0.225,"6.98,333.99,460.00,800.44",0 0.506491 0.553918 0.982679 0.455518,3.0222,0.991,1.0674,-1.7519,-7.3429,-21.5635
train,images/train/low_conf_typical_03_01.jpg,labels/train/low_conf_typical_03_01.txt,3,D:\JLAO\uploads\frames\live-1b7df07d370d\phone-28d0bb2d6c1a.jpg,merged-low-conf,0.206,"26.73,348.26,460.00,786.03",0 0.527906 0.553852 0.939849 0.427510,-1.6193,1.0569,1.0178,-1.7637,1.1581,-16.8287
train,images/train/low_conf_typical_03_02.jpg,labels/train/low_conf_typical_03_02.txt,3,D:\JLAO\uploads\frames\live-1b7df07d370d\phone-28d0bb2d6c1a.jpg,merged-low-conf,0.206,"32.69,364.56,460.00,831.77",0 0.534376 0.584144 0.926910 0.456261,-3.646,0.9758,1.0598,1.3061,3.0164,12.0927
train,images/train/low_conf_typical_03_03.jpg,labels/train/low_conf_typical_03_03.txt,3,D:\JLAO\uploads\frames\live-1b7df07d370d\phone-28d0bb2d6c1a.jpg,merged-low-conf,0.206,"18.17,376.97,458.94,824.32",0 0.517475 0.586569 0.956116 0.436867,-1.799,1.0184,1.0392,-0.5572,-12.4805,15.2296
train,images/train/low_conf_typical_03_04.jpg,labels/train/low_conf_typical_03_04.txt,3,D:\JLAO\uploads\frames\live-1b7df07d370d\phone-28d0bb2d6c1a.jpg,merged-low-conf,0.206,"26.34,362.36,460.00,837.85",0 0.527483 0.586039 0.940696 0.464350,4.8226,0.9831,1.0602,-0.9378,14.9969,11.4179
train,images/train/low_conf_typical_03_05.jpg,labels/train/low_conf_typical_03_05.txt,3,D:\JLAO\uploads\frames\live-1b7df07d370d\phone-28d0bb2d6c1a.jpg,merged-low-conf,0.206,"0.00,349.72,460.00,775.44",0 0.498915 0.549395 0.997831 0.415747,4.269,1.042,0.9444,-0.6468,-8.6031,-17.8873
train,images/train/low_conf_typical_03_06.jpg,labels/train/low_conf_typical_03_06.txt,3,D:\JLAO\uploads\frames\live-1b7df07d370d\phone-28d0bb2d6c1a.jpg,merged-low-conf,0.206,"0.00,375.25,460.00,854.94",0 0.498915 0.600677 0.997831 0.468447,5.1346,1.0422,1.0588,-0.1888,-5.7713,26.2623
train,images/train/low_conf_typical_03_07.jpg,labels/train/low_conf_typical_03_07.txt,3,D:\JLAO\uploads\frames\live-1b7df07d370d\phone-28d0bb2d6c1a.jpg,merged-low-conf,0.206,"29.01,335.20,460.00,782.52",0 0.530380 0.545765 0.934901 0.436838,5.234,0.9708,0.9867,-0.6639,13.7683,-24.6982
train,images/train/low_conf_typical_03_08.jpg,labels/train/low_conf_typical_03_08.txt,3,D:\JLAO\uploads\frames\live-1b7df07d370d\phone-28d0bb2d6c1a.jpg,merged-low-conf,0.206,"22.97,349.23,460.00,770.26",0 0.523825 0.546624 0.948011 0.411156,0.6736,1.0363,0.9957,2.2291,-3.5189,-23.4337
train,images/train/low_conf_typical_03_09.jpg,labels/train/low_conf_typical_03_09.txt,3,D:\JLAO\uploads\frames\live-1b7df07d370d\phone-28d0bb2d6c1a.jpg,merged-low-conf,0.206,"15.17,333.88,460.00,799.96",0 0.515367 0.553632 0.964927 0.455152,2.8243,1.0042,1.0675,-0.1172,-6.1132,-21.9411
train,images/train/low_conf_typical_03_10.jpg,labels/train/low_conf_typical_03_10.txt,3,D:\JLAO\uploads\frames\live-1b7df07d370d\phone-28d0bb2d6c1a.jpg,merged-low-conf,0.206,"4.80,371.33,460.00,804.09",0 0.504124 0.573935 0.987413 0.422617,4.99,0.9758,0.9591,-3.4985,1.9292,6.4344
train,images/train/low_conf_typical_03_11.jpg,labels/train/low_conf_typical_03_11.txt,3,D:\JLAO\uploads\frames\live-1b7df07d370d\phone-28d0bb2d6c1a.jpg,merged-low-conf,0.206,"50.48,394.72,460.00,811.12",0 0.553670 0.588791 0.888322 0.406640,2.7,0.9663,0.9496,3.311,7.9614,22.3248
train,images/train/low_conf_typical_03_12.jpg,labels/train/low_conf_typical_03_12.txt,3,D:\JLAO\uploads\frames\live-1b7df07d370d\phone-28d0bb2d6c1a.jpg,merged-low-conf,0.206,"34.43,373.97,460.00,807.40",0 0.536254 0.576842 0.923153 0.423266,1.485,1.0419,1.0096,3.2548,9.5539,6.1898
train,images/train/low_conf_typical_03_13.jpg,labels/train/low_conf_typical_03_13.txt,3,D:\JLAO\uploads\frames\live-1b7df07d370d\phone-28d0bb2d6c1a.jpg,merged-low-conf,0.206,"27.65,389.27,459.55,831.34",0 0.528407 0.596003 0.936879 0.431708,-1.5211,0.9466,1.0349,2.5701,-9.7702,25.1701
train,images/train/low_conf_typical_03_14.jpg,labels/train/low_conf_typical_03_14.txt,3,D:\JLAO\uploads\frames\live-1b7df07d370d\phone-28d0bb2d6c1a.jpg,merged-low-conf,0.206,"5.61,371.26,460.00,815.82",0 0.504996 0.579629 0.985669 0.434137,3.5699,0.9883,1.0085,-3.8721,2.4398,8.9988
train,images/train/low_conf_typical_03_15.jpg,labels/train/low_conf_typical_03_15.txt,3,D:\JLAO\uploads\frames\live-1b7df07d370d\phone-28d0bb2d6c1a.jpg,merged-low-conf,0.206,"29.67,367.75,460.00,800.03",0 0.531097 0.570205 0.933468 0.422152,-0.1212,0.9608,1.0332,-3.4629,1.7924,-1.6779
train,images/train/low_conf_typical_03_16.jpg,labels/train/low_conf_typical_03_16.txt,3,D:\JLAO\uploads\frames\live-1b7df07d370d\phone-28d0bb2d6c1a.jpg,merged-low-conf,0.206,"21.32,347.83,460.00,826.12",0 0.522039 0.573219 0.951583 0.467076,5.3185,0.9999,1.0516,2.624,-2.8762,-1.6468
train,images/train/low_conf_typical_03_17.jpg,labels/train/low_conf_typical_03_17.txt,3,D:\JLAO\uploads\frames\live-1b7df07d370d\phone-28d0bb2d6c1a.jpg,merged-low-conf,0.206,"30.17,339.93,458.33,777.37",0 0.529828 0.545558 0.928782 0.427188,5.388,0.9751,0.9544,2.9802,-1.4452,-23.0638
val,images/val/low_conf_typical_03_18.jpg,labels/val/low_conf_typical_03_18.txt,3,D:\JLAO\uploads\frames\live-1b7df07d370d\phone-28d0bb2d6c1a.jpg,merged-low-conf,0.206,"30.27,375.41,440.15,818.46",0 0.510222 0.582944 0.889117 0.432670,1.2429,0.9451,1.0406,-0.0005,-11.2547,10.4462
train,images/train/low_conf_typical_04_01.jpg,labels/train/low_conf_typical_04_01.txt,4,D:\JLAO\uploads\frames\live-1b7df07d370d\phone-9d2da21d1878.jpg,low-conf,0.245,"138.44,256.13,344.19,739.57",0 0.523459 0.486182 0.446313 0.472115,-1.9766,1.0492,0.9515,-0.6501,-9.2452,0.8009
train,images/train/low_conf_typical_04_02.jpg,labels/train/low_conf_typical_04_02.txt,4,D:\JLAO\uploads\frames\live-1b7df07d370d\phone-9d2da21d1878.jpg,low-conf,0.245,"123.84,254.29,345.74,740.48",0 0.509302 0.485731 0.481356 0.474797,-4.3439,0.9638,0.947,0.9077,-13.1017,0.932
train,images/train/low_conf_typical_04_03.jpg,labels/train/low_conf_typical_04_03.txt,4,D:\JLAO\uploads\frames\live-1b7df07d370d\phone-9d2da21d1878.jpg,low-conf,0.245,"168.37,218.12,366.18,729.73",0 0.579766 0.462818 0.429084 0.499620,0.0536,0.9626,1.0206,2.1872,18.6228,-22.8077
train,images/train/low_conf_typical_04_04.jpg,labels/train/low_conf_typical_04_04.txt,4,D:\JLAO\uploads\frames\live-1b7df07d370d\phone-9d2da21d1878.jpg,low-conf,0.245,"126.20,205.78,341.64,742.86",0 0.507417 0.463203 0.467351 0.524501,1.1248,1.0692,1.0632,2.9451,-16.861,-22.1546
train,images/train/low_conf_typical_04_05.jpg,labels/train/low_conf_typical_04_05.txt,4,D:\JLAO\uploads\frames\live-1b7df07d370d\phone-9d2da21d1878.jpg,low-conf,0.245,"143.59,261.73,330.47,748.68",0 0.514164 0.493363 0.405387 0.475539,-2.938,0.9696,0.9528,-2.0886,-12.0868,8.446
train,images/train/low_conf_typical_04_06.jpg,labels/train/low_conf_typical_04_06.txt,4,D:\JLAO\uploads\frames\live-1b7df07d370d\phone-9d2da21d1878.jpg,low-conf,0.245,"147.54,219.62,361.73,740.89",0 0.552359 0.468998 0.464615 0.509049,4.3579,0.9883,1.0142,0.8386,4.0431,-18.0454
train,images/train/low_conf_typical_04_07.jpg,labels/train/low_conf_typical_04_07.txt,4,D:\JLAO\uploads\frames\live-1b7df07d370d\phone-9d2da21d1878.jpg,low-conf,0.245,"172.77,227.09,365.90,757.33",0 0.584247 0.480672 0.418941 0.517809,1.1697,1.0309,1.05,1.3586,18.8473,-4.4724
train,images/train/low_conf_typical_04_08.jpg,labels/train/low_conf_typical_04_08.txt,4,D:\JLAO\uploads\frames\live-1b7df07d370d\phone-9d2da21d1878.jpg,low-conf,0.245,"168.62,231.60,359.16,713.39",0 0.572431 0.461420 0.413321 0.470500,2.5196,0.9739,0.9455,1.327,14.1761,-26.1783
train,images/train/low_conf_typical_04_09.jpg,labels/train/low_conf_typical_04_09.txt,4,D:\JLAO\uploads\frames\live-1b7df07d370d\phone-9d2da21d1878.jpg,low-conf,0.245,"137.28,219.77,341.24,752.37",0 0.518996 0.474676 0.442423 0.520112,2.4742,1.0514,1.0458,1.5011,-11.9346,-11.1507
train,images/train/low_conf_typical_04_10.jpg,labels/train/low_conf_typical_04_10.txt,4,D:\JLAO\uploads\frames\live-1b7df07d370d\phone-9d2da21d1878.jpg,low-conf,0.245,"122.13,225.00,359.95,723.90",0 0.522858 0.463330 0.515885 0.487204,-4.6652,0.9884,0.9715,1.8067,-6.9773,-21.5241
train,images/train/low_conf_typical_04_11.jpg,labels/train/low_conf_typical_04_11.txt,4,D:\JLAO\uploads\frames\live-1b7df07d370d\phone-9d2da21d1878.jpg,low-conf,0.245,"152.58,210.52,371.61,730.62",0 0.568536 0.459541 0.475127 0.507913,-1.7885,0.9454,1.0292,3.0505,14.5226,-25.477
train,images/train/low_conf_typical_04_12.jpg,labels/train/low_conf_typical_04_12.txt,4,D:\JLAO\uploads\frames\live-1b7df07d370d\phone-9d2da21d1878.jpg,low-conf,0.245,"151.38,254.55,354.92,766.33",0 0.549138 0.498474 0.441512 0.499786,-3.4188,1.0319,0.9982,-2.0139,2.9904,14.5866
train,images/train/low_conf_typical_04_13.jpg,labels/train/low_conf_typical_04_13.txt,4,D:\JLAO\uploads\frames\live-1b7df07d370d\phone-9d2da21d1878.jpg,low-conf,0.245,"125.98,257.79,380.38,783.11",0 0.549198 0.508254 0.551826 0.513009,-4.9062,0.9718,1.0265,3.4168,6.0813,25.3057
train,images/train/low_conf_typical_04_14.jpg,labels/train/low_conf_typical_04_14.txt,4,D:\JLAO\uploads\frames\live-1b7df07d370d\phone-9d2da21d1878.jpg,low-conf,0.245,"116.27,236.39,344.73,775.01",0 0.500007 0.493845 0.495580 0.525997,-1.1628,0.9835,1.0691,3.7382,-17.7471,10.0703
train,images/train/low_conf_typical_04_15.jpg,labels/train/low_conf_typical_04_15.txt,4,D:\JLAO\uploads\frames\live-1b7df07d370d\phone-9d2da21d1878.jpg,low-conf,0.245,"143.42,259.58,331.73,771.58",0 0.515355 0.503496 0.408486 0.499996,3.5037,0.9981,0.9968,3.8839,-12.1938,17.3559
train,images/train/low_conf_typical_04_16.jpg,labels/train/low_conf_typical_04_16.txt,4,D:\JLAO\uploads\frames\live-1b7df07d370d\phone-9d2da21d1878.jpg,low-conf,0.245,"142.82,234.44,330.49,734.79",0 0.513360 0.473256 0.407096 0.488625,1.1946,1.0087,0.9905,1.2405,-13.4399,-12.9591
train,images/train/low_conf_typical_04_17.jpg,labels/train/low_conf_typical_04_17.txt,4,D:\JLAO\uploads\frames\live-1b7df07d370d\phone-9d2da21d1878.jpg,low-conf,0.245,"140.19,270.87,325.98,759.81",0 0.505610 0.503258 0.403025 0.477481,1.4484,0.9518,0.966,2.5253,-15.644,17.346
train,images/train/low_conf_typical_04_18.jpg,labels/train/low_conf_typical_04_18.txt,4,D:\JLAO\uploads\frames\live-1b7df07d370d\phone-9d2da21d1878.jpg,low-conf,0.245,"152.05,250.41,388.17,792.96",0 0.585917 0.509460 0.512202 0.529832,3.0064,0.9853,1.0677,-2.7165,18.8784,24.6084
train,images/train/low_conf_typical_04_19.jpg,labels/train/low_conf_typical_04_19.txt,4,D:\JLAO\uploads\frames\live-1b7df07d370d\phone-9d2da21d1878.jpg,low-conf,0.245,"150.67,223.70,381.47,749.67",0 0.577155 0.475278 0.500645 0.513636,-3.0982,0.9504,1.0349,2.934,18.7456,-8.884
train,images/train/low_conf_typical_04_20.jpg,labels/train/low_conf_typical_04_20.txt,4,D:\JLAO\uploads\frames\live-1b7df07d370d\phone-9d2da21d1878.jpg,low-conf,0.245,"133.48,244.99,337.26,732.72",0 0.510570 0.477397 0.442033 0.476308,-2.4344,1.069,0.9552,-3.0865,-16.0581,-7.9389
train,images/train/low_conf_typical_04_21.jpg,labels/train/low_conf_typical_04_21.txt,4,D:\JLAO\uploads\frames\live-1b7df07d370d\phone-9d2da21d1878.jpg,low-conf,0.245,"141.94,242.16,353.49,765.10",0 0.537342 0.491828 0.458881 0.510685,4.879,1.0604,1.0091,3.141,-3.7881,5.0054
train,images/train/low_conf_typical_04_22.jpg,labels/train/low_conf_typical_04_22.txt,4,D:\JLAO\uploads\frames\live-1b7df07d370d\phone-9d2da21d1878.jpg,low-conf,0.245,"119.81,237.42,359.22,772.10",0 0.519550 0.492929 0.519324 0.522149,3.2924,0.9616,1.0518,-3.3581,-11.482,7.3567
train,images/train/low_conf_typical_04_23.jpg,labels/train/low_conf_typical_04_23.txt,4,D:\JLAO\uploads\frames\live-1b7df07d370d\phone-9d2da21d1878.jpg,low-conf,0.245,"130.02,233.91,336.02,750.41",0 0.505470 0.480624 0.446861 0.504395,-0.5385,1.0548,1.0272,0.5907,-17.6851,-4.2684
train,images/train/low_conf_typical_04_24.jpg,labels/train/low_conf_typical_04_24.txt,4,D:\JLAO\uploads\frames\live-1b7df07d370d\phone-9d2da21d1878.jpg,low-conf,0.245,"131.08,242.21,339.18,784.29",0 0.510042 0.501220 0.451408 0.529382,-2.8261,0.9526,1.0662,0.545,-12.9335,18.101
train,images/train/low_conf_typical_04_25.jpg,labels/train/low_conf_typical_04_25.txt,4,D:\JLAO\uploads\frames\live-1b7df07d370d\phone-9d2da21d1878.jpg,low-conf,0.245,"163.11,242.38,359.95,765.24",0 0.567310 0.492002 0.426992 0.510605,1.2326,1.0153,1.0354,0.3093,11.0428,6.889
train,images/train/low_conf_typical_04_26.jpg,labels/train/low_conf_typical_04_26.txt,4,D:\JLAO\uploads\frames\live-1b7df07d370d\phone-9d2da21d1878.jpg,low-conf,0.245,"149.95,205.31,384.29,746.37",0 0.579437 0.464692 0.508341 0.528379,-4.9543,0.9783,1.0537,0.8446,19.262,-18.8121
train,images/train/low_conf_typical_04_27.jpg,labels/train/low_conf_typical_04_27.txt,4,D:\JLAO\uploads\frames\live-1b7df07d370d\phone-9d2da21d1878.jpg,low-conf,0.245,"136.31,248.60,336.00,761.22",0 0.512266 0.493074 0.433174 0.500608,1.5796,0.999,1.0116,3.1884,-13.3379,7.5383
train,images/train/low_conf_typical_04_28.jpg,labels/train/low_conf_typical_04_28.txt,4,D:\JLAO\uploads\frames\live-1b7df07d370d\phone-9d2da21d1878.jpg,low-conf,0.245,"138.51,237.92,385.53,782.79",0 0.568370 0.498392 0.535848 0.532103,3.3899,1.0586,1.0683,-2.0508,9.4515,13.0713
train,images/train/low_conf_typical_04_29.jpg,labels/train/low_conf_typical_04_29.txt,4,D:\JLAO\uploads\frames\live-1b7df07d370d\phone-9d2da21d1878.jpg,low-conf,0.245,"179.24,242.44,358.09,726.37",0 0.582785 0.473049 0.387959 0.472589,-3.4035,0.9635,0.9428,-3.4338,19.4539,-12.3416
train,images/train/low_conf_typical_04_30.jpg,labels/train/low_conf_typical_04_30.txt,4,D:\JLAO\uploads\frames\live-1b7df07d370d\phone-9d2da21d1878.jpg,low-conf,0.245,"117.94,228.14,373.02,766.97",0 0.532495 0.485897 0.553300 0.526203,-2.8034,1.0485,1.0609,3.7284,-3.5728,2.3735
train,images/train/low_conf_typical_04_31.jpg,labels/train/low_conf_typical_04_31.txt,4,D:\JLAO\uploads\frames\live-1b7df07d370d\phone-9d2da21d1878.jpg,low-conf,0.245,"163.99,281.66,364.30,764.48",0 0.572986 0.510814 0.434509 0.471504,-0.555,0.9429,0.9606,2.4468,16.0667,25.6292
train,images/train/low_conf_typical_04_32.jpg,labels/train/low_conf_typical_04_32.txt,4,D:\JLAO\uploads\frames\live-1b7df07d370d\phone-9d2da21d1878.jpg,low-conf,0.245,"145.10,233.11,351.77,741.09",0 0.538907 0.475684 0.448322 0.496068,-0.5529,0.9514,1.0108,2.8397,0.3331,-9.5922
train,images/train/low_conf_typical_04_33.jpg,labels/train/low_conf_typical_04_33.txt,4,D:\JLAO\uploads\frames\live-1b7df07d370d\phone-9d2da21d1878.jpg,low-conf,0.245,"154.05,244.27,375.09,730.00",0 0.573901 0.475719 0.479471 0.474343,3.8848,1.0279,0.9455,0.182,13.2119,-12.0894
train,images/train/low_conf_typical_04_34.jpg,labels/train/low_conf_typical_04_34.txt,4,D:\JLAO\uploads\frames\live-1b7df07d370d\phone-9d2da21d1878.jpg,low-conf,0.245,"151.92,242.93,357.21,739.19",0 0.552198 0.479553 0.445327 0.484625,-4.9157,1.0083,0.958,-2.6802,5.0883,-4.907
train,images/train/low_conf_typical_04_35.jpg,labels/train/low_conf_typical_04_35.txt,4,D:\JLAO\uploads\frames\live-1b7df07d370d\phone-9d2da21d1878.jpg,low-conf,0.245,"103.78,248.87,353.28,743.40",0 0.495723 0.484511 0.541217 0.482939,-5.3025,1.0231,0.9589,1.9069,-19.9775,0.231
train,images/train/low_conf_typical_04_36.jpg,labels/train/low_conf_typical_04_36.txt,4,D:\JLAO\uploads\frames\live-1b7df07d370d\phone-9d2da21d1878.jpg,low-conf,0.245,"136.69,231.28,372.02,764.22",0 0.551743 0.486084 0.510469 0.520445,-4.2833,0.9461,1.0434,2.3167,7.3063,2.6577
train,images/train/low_conf_typical_04_37.jpg,labels/train/low_conf_typical_04_37.txt,4,D:\JLAO\uploads\frames\live-1b7df07d370d\phone-9d2da21d1878.jpg,low-conf,0.245,"129.84,281.85,332.65,765.49",0 0.501624 0.511394 0.439936 0.472304,-3.6811,0.9728,0.9429,-0.9474,-17.4555,26.9883
train,images/train/low_conf_typical_04_38.jpg,labels/train/low_conf_typical_04_38.txt,4,D:\JLAO\uploads\frames\live-1b7df07d370d\phone-9d2da21d1878.jpg,low-conf,0.245,"150.51,245.08,366.62,736.99",0 0.560886 0.479530 0.468787 0.480380,-2.6059,0.947,0.9684,2.1707,10.8805,-5.6634
train,images/train/low_conf_typical_04_39.jpg,labels/train/low_conf_typical_04_39.txt,4,D:\JLAO\uploads\frames\live-1b7df07d370d\phone-9d2da21d1878.jpg,low-conf,0.245,"137.09,232.25,345.12,734.59",0 0.523007 0.472089 0.451269 0.490564,-2.9194,1.0672,0.9821,-1.7419,-9.817,-12.8143
train,images/train/low_conf_typical_04_40.jpg,labels/train/low_conf_typical_04_40.txt,4,D:\JLAO\uploads\frames\live-1b7df07d370d\phone-9d2da21d1878.jpg,low-conf,0.245,"154.30,238.19,351.38,765.78",0 0.548465 0.490221 0.427510 0.515221,-1.5738,1.0055,1.0428,-0.4293,3.1092,6.1358
train,images/train/low_conf_typical_04_41.jpg,labels/train/low_conf_typical_04_41.txt,4,D:\JLAO\uploads\frames\live-1b7df07d370d\phone-9d2da21d1878.jpg,low-conf,0.245,"156.66,231.92,380.13,746.72",0 0.582198 0.477854 0.484754 0.502734,-0.3607,1.0655,1.0251,2.4959,17.941,-7.2004
train,images/train/low_conf_typical_04_42.jpg,labels/train/low_conf_typical_04_42.txt,4,D:\JLAO\uploads\frames\live-1b7df07d370d\phone-9d2da21d1878.jpg,low-conf,0.245,"137.13,250.81,333.83,752.23",0 0.510802 0.489766 0.426697 0.489676,0.5524,1.056,0.9968,0.6242,-15.5347,4.2503
train,images/train/low_conf_typical_04_43.jpg,labels/train/low_conf_typical_04_43.txt,4,D:\JLAO\uploads\frames\live-1b7df07d370d\phone-9d2da21d1878.jpg,low-conf,0.245,"165.21,227.53,364.14,714.14",0 0.574134 0.459801 0.431534 0.475200,-2.7712,0.9586,0.9548,-0.2394,16.1883,-25.9785
train,images/train/low_conf_typical_04_44.jpg,labels/train/low_conf_typical_04_44.txt,4,D:\JLAO\uploads\frames\live-1b7df07d370d\phone-9d2da21d1878.jpg,low-conf,0.245,"130.67,246.35,379.11,747.55",0 0.552897 0.485302 0.538915 0.489445,3.4769,1.0418,0.9817,-2.9742,2.5111,-1.652
train,images/train/low_conf_typical_04_45.jpg,labels/train/low_conf_typical_04_45.txt,4,D:\JLAO\uploads\frames\live-1b7df07d370d\phone-9d2da21d1878.jpg,low-conf,0.245,"130.86,247.69,331.73,754.81",0 0.501733 0.489502 0.435727 0.495239,-1.4535,0.9493,1.004,1.3551,-16.9164,4.7397
train,images/train/low_conf_typical_04_46.jpg,labels/train/low_conf_typical_04_46.txt,4,D:\JLAO\uploads\frames\live-1b7df07d370d\phone-9d2da21d1878.jpg,low-conf,0.245,"152.39,220.25,332.07,721.91",0 0.525454 0.460041 0.389759 0.489907,-3.5522,0.9485,0.9779,-3.0982,-6.5578,-25.1095
train,images/train/low_conf_typical_04_47.jpg,labels/train/low_conf_typical_04_47.txt,4,D:\JLAO\uploads\frames\live-1b7df07d370d\phone-9d2da21d1878.jpg,low-conf,0.245,"144.81,244.13,359.40,757.12",0 0.546862 0.488890 0.465477 0.500967,2.0041,1.0695,1.0081,3.828,1.3016,3.0184
train,images/train/low_conf_typical_04_48.jpg,labels/train/low_conf_typical_04_48.txt,4,D:\JLAO\uploads\frames\live-1b7df07d370d\phone-9d2da21d1878.jpg,low-conf,0.245,"118.76,244.82,351.59,776.08",0 0.510135 0.498487 0.505047 0.518813,-4.6218,1.0061,1.0343,0.5384,-13.4341,15.4532
train,images/train/low_conf_typical_04_49.jpg,labels/train/low_conf_typical_04_49.txt,4,D:\JLAO\uploads\frames\live-1b7df07d370d\phone-9d2da21d1878.jpg,low-conf,0.245,"129.67,234.77,343.43,745.90",0 0.513123 0.478843 0.463678 0.499146,3.0088,1.0378,1.0007,0.5733,-14.7395,-7.7523
train,images/train/low_conf_typical_04_50.jpg,labels/train/low_conf_typical_04_50.txt,4,D:\JLAO\uploads\frames\live-1b7df07d370d\phone-9d2da21d1878.jpg,low-conf,0.245,"133.88,261.75,361.71,767.39",0 0.537508 0.502513 0.494208 0.493791,-2.9729,1.0595,0.9906,0.6486,-2.3461,18.447
train,images/train/low_conf_typical_04_51.jpg,labels/train/low_conf_typical_04_51.txt,4,D:\JLAO\uploads\frames\live-1b7df07d370d\phone-9d2da21d1878.jpg,low-conf,0.245,"150.14,204.16,385.43,747.14",0 0.580882 0.464505 0.510387 0.530251,3.7134,0.9789,1.0648,-2.0795,16.6804,-21.7055
train,images/train/low_conf_typical_04_52.jpg,labels/train/low_conf_typical_04_52.txt,4,D:\JLAO\uploads\frames\live-1b7df07d370d\phone-9d2da21d1878.jpg,low-conf,0.245,"137.63,259.28,378.43,765.16",0 0.559722 0.500216 0.522352 0.494030,4.9297,1.0016,0.9835,-1.5341,6.4691,13.1877
train,images/train/low_conf_typical_04_53.jpg,labels/train/low_conf_typical_04_53.txt,4,D:\JLAO\uploads\frames\live-1b7df07d370d\phone-9d2da21d1878.jpg,low-conf,0.245,"143.36,249.40,384.05,744.52",0 0.572029 0.485315 0.522110 0.483517,3.7653,0.9747,0.9701,-3.3242,12.4983,-1.8412
train,images/train/low_conf_typical_04_54.jpg,labels/train/low_conf_typical_04_54.txt,4,D:\JLAO\uploads\frames\live-1b7df07d370d\phone-9d2da21d1878.jpg,low-conf,0.245,"148.92,221.43,376.84,735.96",0 0.570241 0.467472 0.494392 0.502468,-5.4776,1.064,0.9906,-1.872,12.7186,-16.5209
train,images/train/low_conf_typical_04_55.jpg,labels/train/low_conf_typical_04_55.txt,4,D:\JLAO\uploads\frames\live-1b7df07d370d\phone-9d2da21d1878.jpg,low-conf,0.245,"130.09,287.35,344.16,761.68",0 0.514375 0.512221 0.464361 0.463210,-0.6945,1.039,0.9413,-3.2612,-14.2064,26.8641
train,images/train/low_conf_typical_04_56.jpg,labels/train/low_conf_typical_04_56.txt,4,D:\JLAO\uploads\frames\live-1b7df07d370d\phone-9d2da21d1878.jpg,low-conf,0.245,"140.87,261.70,389.54,764.63",0 0.575288 0.501139 0.539407 0.491145,3.8217,0.9866,0.9859,-3.8228,13.597,14.5522
train,images/train/low_conf_typical_04_57.jpg,labels/train/low_conf_typical_04_57.txt,4,D:\JLAO\uploads\frames\live-1b7df07d370d\phone-9d2da21d1878.jpg,low-conf,0.245,"141.76,253.26,331.79,776.71",0 0.513612 0.502915 0.412219 0.511182,0.5573,0.9889,1.0408,1.2612,-12.7618,18.3872
val,images/val/low_conf_typical_04_58.jpg,labels/val/low_conf_typical_04_58.txt,4,D:\JLAO\uploads\frames\live-1b7df07d370d\phone-9d2da21d1878.jpg,low-conf,0.245,"147.90,227.59,350.02,749.02",0 0.540044 0.476859 0.438452 0.509215,-0.4677,0.9547,1.0372,-3.2035,-0.8464,-8.0056
train,images/train/low_conf_typical_05_01.jpg,labels/train/low_conf_typical_05_01.txt,5,D:\JLAO\uploads\frames\live-1b7df07d370d\phone-10e2bd10cbf4.jpg,low-conf,0.268,"0.00,193.36,375.00,682.58",0 0.406724 0.427707 0.813448 0.477748,-4.6099,1.0463,1.0417,0.4396,-0.0239,-0.6872
train,images/train/low_conf_typical_05_02.jpg,labels/train/low_conf_typical_05_02.txt,5,D:\JLAO\uploads\frames\live-1b7df07d370d\phone-10e2bd10cbf4.jpg,low-conf,0.268,"7.66,201.18,368.40,640.15",0 0.407877 0.410805 0.782508 0.428676,-2.419,0.9584,0.9603,0.2298,11.028,-21.5835
train,images/train/low_conf_typical_05_03.jpg,labels/train/low_conf_typical_05_03.txt,5,D:\JLAO\uploads\frames\live-1b7df07d370d\phone-10e2bd10cbf4.jpg,low-conf,0.268,"0.00,214.86,383.78,678.45",0 0.416243 0.436189 0.832486 0.452722,4.9773,0.953,0.9892,-2.978,-6.6795,12.4835
train,images/train/low_conf_typical_05_04.jpg,labels/train/low_conf_typical_05_04.txt,5,D:\JLAO\uploads\frames\live-1b7df07d370d\phone-10e2bd10cbf4.jpg,low-conf,0.268,"0.00,170.67,354.63,656.18",0 0.384630 0.403735 0.769260 0.474132,-4.0994,1.0507,1.036,-2.511,-11.8275,-24.8495
train,images/train/low_conf_typical_05_05.jpg,labels/train/low_conf_typical_05_05.txt,5,D:\JLAO\uploads\frames\live-1b7df07d370d\phone-10e2bd10cbf4.jpg,low-conf,0.268,"0.00,210.54,344.96,657.29",0 0.374147 0.423746 0.748293 0.436279,-3.2647,0.9926,0.965,-0.6055,-16.6698,-8.8249
train,images/train/low_conf_typical_05_06.jpg,labels/train/low_conf_typical_05_06.txt,5,D:\JLAO\uploads\frames\live-1b7df07d370d\phone-10e2bd10cbf4.jpg,low-conf,0.268,"13.72,231.19,368.79,687.47",0 0.414863 0.448569 0.770211 0.445587,-1.9235,0.9872,1.0035,-2.3899,11.8342,20.8431
train,images/train/low_conf_typical_05_07.jpg,labels/train/low_conf_typical_05_07.txt,5,D:\JLAO\uploads\frames\live-1b7df07d370d\phone-10e2bd10cbf4.jpg,low-conf,0.268,"0.00,210.00,368.64,652.39",0 0.399830 0.421090 0.799661 0.432020,-3.7179,0.9961,0.9526,2.7204,-2.4686,-13.1921
train,images/train/low_conf_typical_05_08.jpg,labels/train/low_conf_typical_05_08.txt,5,D:\JLAO\uploads\frames\live-1b7df07d370d\phone-10e2bd10cbf4.jpg,low-conf,0.268,"0.00,181.15,363.08,640.20",0 0.393794 0.401052 0.787587 0.448296,1.1743,1.04,1.0197,1.7586,0.3417,-23.7789
train,images/train/low_conf_typical_05_09.jpg,labels/train/low_conf_typical_05_09.txt,5,D:\JLAO\uploads\frames\live-1b7df07d370d\phone-10e2bd10cbf4.jpg,low-conf,0.268,"0.00,176.43,356.05,652.69",0 0.386170 0.404840 0.772340 0.465098,-2.2689,1.0448,1.0416,-2.9324,-9.2724,-21.4809
train,images/train/low_conf_typical_05_10.jpg,labels/train/low_conf_typical_05_10.txt,5,D:\JLAO\uploads\frames\live-1b7df07d370d\phone-10e2bd10cbf4.jpg,low-conf,0.268,"0.00,176.88,352.94,655.94",0 0.382801 0.406649 0.765602 0.467837,5.4158,1.0201,1.0052,2.6101,-19.8131,-15.2532
train,images/train/low_conf_typical_05_11.jpg,labels/train/low_conf_typical_05_11.txt,5,D:\JLAO\uploads\frames\live-1b7df07d370d\phone-10e2bd10cbf4.jpg,low-conf,0.268,"0.00,224.43,381.33,665.74",0 0.413589 0.434654 0.827178 0.430972,2.3066,1.0304,0.9668,-3.3013,-6.6337,7.4675
train,images/train/low_conf_typical_05_12.jpg,labels/train/low_conf_typical_05_12.txt,5,D:\JLAO\uploads\frames\live-1b7df07d370d\phone-10e2bd10cbf4.jpg,low-conf,0.268,"5.02,243.31,355.77,667.65",0 0.391309 0.444801 0.760861 0.414395,-0.0535,0.9429,0.9581,-2.0619,-3.2177,15.2122
train,images/train/low_conf_typical_05_13.jpg,labels/train/low_conf_typical_05_13.txt,5,D:\JLAO\uploads\frames\live-1b7df07d370d\phone-10e2bd10cbf4.jpg,low-conf,0.268,"0.00,235.98,391.50,685.06",0 0.424623 0.449724 0.849245 0.438551,4.4248,1.0089,0.9562,-0.9816,7.8578,23.9247
train,images/train/low_conf_typical_05_14.jpg,labels/train/low_conf_typical_05_14.txt,5,D:\JLAO\uploads\frames\live-1b7df07d370d\phone-10e2bd10cbf4.jpg,low-conf,0.268,"0.00,226.30,351.74,677.49",0 0.381498 0.441301 0.762996 0.440613,-2.2188,0.9956,0.9888,-0.6126,-7.8773,11.929
train,images/train/low_conf_typical_05_15.jpg,labels/train/low_conf_typical_05_15.txt,5,D:\JLAO\uploads\frames\live-1b7df07d370d\phone-10e2bd10cbf4.jpg,low-conf,0.268,"0.00,181.09,366.76,659.25",0 0.397793 0.410320 0.795585 0.466951,-4.1378,1.0597,1.0176,-3.0369,0.5258,-19.5031
train,images/train/low_conf_typical_05_16.jpg,labels/train/low_conf_typical_05_16.txt,5,D:\JLAO\uploads\frames\live-1b7df07d370d\phone-10e2bd10cbf4.jpg,low-conf,0.268,"0.00,237.00,362.80,689.95",0 0.393488 0.452612 0.786976 0.442330,-2.7623,0.9814,0.9882,2.0102,-2.9734,22.8227
train,images/train/low_conf_typical_05_17.jpg,labels/train/low_conf_typical_05_17.txt,5,D:\JLAO\uploads\frames\live-1b7df07d370d\phone-10e2bd10cbf4.jpg,low-conf,0.268,"0.56,202.37,378.07,654.50",0 0.410662 0.418394 0.818910 0.441527,4.0027,1.0288,0.9633,2.4011,10.5714,-7.5933
val,images/val/low_conf_typical_05_18.jpg,labels/val/low_conf_typical_05_18.txt,5,D:\JLAO\uploads\frames\live-1b7df07d370d\phone-10e2bd10cbf4.jpg,low-conf,0.268,"0.00,212.96,366.84,680.22",0 0.397879 0.436125 0.795759 0.456304,-5.2723,0.9503,0.9887,-0.6187,5.651,3.8516
train,images/train/low_conf_typical_07_01.jpg,labels/train/low_conf_typical_07_01.txt,7,D:\JLAO\uploads\frames\live-5837325d545c\phone-380e7dc2a83f.jpg,low-conf,0.251,"60.84,197.94,449.23,602.40",0 0.553217 0.390789 0.842493 0.394976,2.5766,0.9583,0.9535,-1.7891,17.8691,16.0397
train,images/train/low_conf_typical_07_02.jpg,labels/train/low_conf_typical_07_02.txt,7,D:\JLAO\uploads\frames\live-5837325d545c\phone-380e7dc2a83f.jpg,low-conf,0.251,"35.55,165.61,428.90,567.94",0 0.503740 0.358181 0.853243 0.392906,-2.461,0.9713,0.9495,1.9302,14.6222,-18.1526
train,images/train/low_conf_typical_07_03.jpg,labels/train/low_conf_typical_07_03.txt,7,D:\JLAO\uploads\frames\live-5837325d545c\phone-380e7dc2a83f.jpg,low-conf,0.251,"22.00,145.89,428.28,589.14",0 0.488372 0.358903 0.881295 0.432859,-5.0554,1.0552,0.9992,-3.3149,2.1113,-10.4407
train,images/train/low_conf_typical_07_04.jpg,labels/train/low_conf_typical_07_04.txt,7,D:\JLAO\uploads\frames\live-5837325d545c\phone-380e7dc2a83f.jpg,low-conf,0.251,"8.78,165.03,450.00,609.86",0 0.497585 0.378364 0.957095 0.434410,4.1453,1.062,1.0244,-1.9325,-12.2703,12.556
train,images/train/low_conf_typical_07_05.jpg,labels/train/low_conf_typical_07_05.txt,7,D:\JLAO\uploads\frames\live-5837325d545c\phone-380e7dc2a83f.jpg,low-conf,0.251,"48.00,116.79,459.34,574.94",0 0.550267 0.337758 0.892275 0.447408,4.5871,0.9633,1.0583,-2.2583,9.3181,-24.679
train,images/train/low_conf_typical_07_06.jpg,labels/train/low_conf_typical_07_06.txt,7,D:\JLAO\uploads\frames\live-5837325d545c\phone-380e7dc2a83f.jpg,low-conf,0.251,"13.40,153.84,423.19,592.17",0 0.473530 0.364265 0.888911 0.428053,-3.5589,0.9551,1.0253,3.6412,8.1635,-2.3069
train,images/train/low_conf_typical_07_07.jpg,labels/train/low_conf_typical_07_07.txt,7,D:\JLAO\uploads\frames\live-5837325d545c\phone-380e7dc2a83f.jpg,low-conf,0.251,"0.00,161.30,403.96,600.03",0 0.438133 0.371745 0.876267 0.428452,-2.7785,0.9622,1.0361,3.3297,-11.2218,7.0869
train,images/train/low_conf_typical_07_08.jpg,labels/train/low_conf_typical_07_08.txt,7,D:\JLAO\uploads\frames\live-5837325d545c\phone-380e7dc2a83f.jpg,low-conf,0.251,"36.53,183.53,431.12,616.93",0 0.507207 0.390849 0.855940 0.423236,2.8876,0.9463,1.0216,-2.669,-6.9273,25.0694
train,images/train/low_conf_typical_07_09.jpg,labels/train/low_conf_typical_07_09.txt,7,D:\JLAO\uploads\frames\live-5837325d545c\phone-380e7dc2a83f.jpg,low-conf,0.251,"41.33,177.64,402.28,595.86",0 0.481130 0.377688 0.782969 0.408418,-1.5208,0.9508,1.0013,-0.8483,-4.0558,9.1318
train,images/train/low_conf_typical_07_10.jpg,labels/train/low_conf_typical_07_10.txt,7,D:\JLAO\uploads\frames\live-5837325d545c\phone-380e7dc2a83f.jpg,low-conf,0.251,"26.20,157.65,436.88,588.50",0 0.502258 0.364328 0.890861 0.420753,4.1524,0.954,0.999,-3.462,-13.699,-5.4943
train,images/train/low_conf_typical_07_11.jpg,labels/train/low_conf_typical_07_11.txt,7,D:\JLAO\uploads\frames\live-5837325d545c\phone-380e7dc2a83f.jpg,low-conf,0.251,"20.43,135.62,432.49,575.23",0 0.491246 0.347092 0.893840 0.429307,-5.1531,1.053,0.9903,-2.4503,5.6228,-23.9332
train,images/train/low_conf_typical_07_12.jpg,labels/train/low_conf_typical_07_12.txt,7,D:\JLAO\uploads\frames\live-5837325d545c\phone-380e7dc2a83f.jpg,low-conf,0.251,"1.87,145.49,429.79,592.23",0 0.468180 0.360218 0.928254 0.436269,-4.826,1.0367,1.0191,0.8049,2.0913,-7.2161
train,images/train/low_conf_typical_07_13.jpg,labels/train/low_conf_typical_07_13.txt,7,D:\JLAO\uploads\frames\live-5837325d545c\phone-380e7dc2a83f.jpg,low-conf,0.251,"1.96,138.00,403.27,570.53",0 0.439514 0.345959 0.870533 0.422388,-4.5736,0.9488,0.9961,2.0436,-9.4107,-25.0311
train,images/train/low_conf_typical_07_14.jpg,labels/train/low_conf_typical_07_14.txt,7,D:\JLAO\uploads\frames\live-5837325d545c\phone-380e7dc2a83f.jpg,low-conf,0.251,"40.11,189.65,419.09,589.73",0 0.498049 0.380555 0.822083 0.390707,-0.9399,1.0051,0.9649,-0.5911,3.1302,7.2079
train,images/train/low_conf_typical_07_15.jpg,labels/train/low_conf_typical_07_15.txt,7,D:\JLAO\uploads\frames\live-5837325d545c\phone-380e7dc2a83f.jpg,low-conf,0.251,"29.79,168.83,424.84,600.71",0 0.493083 0.375749 0.856941 0.421761,-2.8061,0.9791,1.0162,1.1475,9.3752,8.7702
train,images/train/low_conf_typical_07_16.jpg,labels/train/low_conf_typical_07_16.txt,7,D:\JLAO\uploads\frames\live-5837325d545c\phone-380e7dc2a83f.jpg,low-conf,0.251,"12.51,123.92,428.01,571.71",0 0.477791 0.339664 0.901297 0.437292,-2.5781,1.0327,1.0564,1.2654,2.5998,-22.763
train,images/train/low_conf_typical_07_17.jpg,labels/train/low_conf_typical_07_17.txt,7,D:\JLAO\uploads\frames\live-5837325d545c\phone-380e7dc2a83f.jpg,low-conf,0.251,"21.71,158.77,395.56,590.68",0 0.452567 0.365942 0.810948 0.421794,-5.2292,0.9787,0.974,-3.9918,-15.8919,-6.4821
val,images/val/low_conf_typical_07_18.jpg,labels/val/low_conf_typical_07_18.txt,7,D:\JLAO\uploads\frames\live-5837325d545c\phone-380e7dc2a83f.jpg,low-conf,0.251,"30.23,199.83,409.28,607.33",0 0.476689 0.394124 0.822248 0.397952,1.889,0.9413,0.9713,-1.9407,-16.4294,21.9044
train,images/train/low_conf_typical_08_01.jpg,labels/train/low_conf_typical_08_01.txt,8,D:\JLAO\uploads\frames\live-9c21a186c141\phone-af2a272830d2.jpg,low-conf,0.21,"0.00,64.09,453.16,662.66",0 0.491496 0.354854 0.982993 0.584542,-0.1354,1.0266,1.0198,-1.0354,5.8673,5.6919
train,images/train/low_conf_typical_08_02.jpg,labels/train/low_conf_typical_08_02.txt,8,D:\JLAO\uploads\frames\live-9c21a186c141\phone-af2a272830d2.jpg,low-conf,0.21,"0.00,67.91,460.00,661.85",0 0.498915 0.356325 0.997831 0.580016,3.2512,1.039,0.9705,1.1225,6.0848,0.4609
train,images/train/low_conf_typical_08_03.jpg,labels/train/low_conf_typical_08_03.txt,8,D:\JLAO\uploads\frames\live-9c21a186c141\phone-af2a272830d2.jpg,low-conf,0.21,"0.00,70.60,460.00,663.26",0 0.498915 0.358328 0.997831 0.578764,4.7817,0.9988,0.9554,-1.704,-6.1401,-0.2329
train,images/train/low_conf_typical_08_04.jpg,labels/train/low_conf_typical_08_04.txt,8,D:\JLAO\uploads\frames\live-9c21a186c141\phone-af2a272830d2.jpg,low-conf,0.21,"0.00,55.86,460.00,686.04",0 0.498915 0.362257 0.997831 0.615412,2.8872,1.0583,1.0391,-1.9395,-10.8961,16.4555
train,images/train/low_conf_typical_08_05.jpg,labels/train/low_conf_typical_08_05.txt,8,D:\JLAO\uploads\frames\live-9c21a186c141\phone-af2a272830d2.jpg,low-conf,0.21,"0.00,85.15,431.98,683.71",0 0.468524 0.375420 0.937048 0.584538,-1.3763,0.9731,1.0061,3.6075,-9.6229,24.1223
train,images/train/low_conf_typical_08_06.jpg,labels/train/low_conf_typical_08_06.txt,8,D:\JLAO\uploads\frames\live-9c21a186c141\phone-af2a272830d2.jpg,low-conf,0.21,"15.71,95.11,446.40,664.62",0 0.501205 0.370962 0.934265 0.556161,1.0722,0.9831,0.9581,1.4167,14.3282,13.1584
train,images/train/low_conf_typical_08_07.jpg,labels/train/low_conf_typical_08_07.txt,8,D:\JLAO\uploads\frames\live-9c21a186c141\phone-af2a272830d2.jpg,low-conf,0.21,"0.00,53.81,460.00,684.68",0 0.498915 0.360590 0.997831 0.616085,1.3262,0.9943,1.0609,-2.252,7.9018,17.9307
train,images/train/low_conf_typical_08_08.jpg,labels/train/low_conf_typical_08_08.txt,8,D:\JLAO\uploads\frames\live-9c21a186c141\phone-af2a272830d2.jpg,low-conf,0.21,"0.00,53.78,449.97,707.14",0 0.488036 0.371545 0.976072 0.638043,-5.2218,0.9592,1.0605,3.4413,1.699,26.2896
train,images/train/low_conf_typical_08_09.jpg,labels/train/low_conf_typical_08_09.txt,8,D:\JLAO\uploads\frames\live-9c21a186c141\phone-af2a272830d2.jpg,low-conf,0.21,"0.00,54.74,441.06,650.45",0 0.478373 0.344330 0.956746 0.581754,-0.4643,1.0568,1.0108,2.7442,-13.3008,-6.5918
train,images/train/low_conf_typical_08_10.jpg,labels/train/low_conf_typical_08_10.txt,8,D:\JLAO\uploads\frames\live-9c21a186c141\phone-af2a272830d2.jpg,low-conf,0.21,"0.00,52.66,443.78,666.76",0 0.481318 0.351282 0.962637 0.599708,-0.8309,1.0494,1.0372,1.0105,-5.7541,4.4412
train,images/train/low_conf_typical_08_11.jpg,labels/train/low_conf_typical_08_11.txt,8,D:\JLAO\uploads\frames\live-9c21a186c141\phone-af2a272830d2.jpg,low-conf,0.21,"0.00,20.51,460.00,657.89",0 0.498915 0.331250 0.997831 0.622433,3.0442,1.0501,1.0479,0.0064,7.1147,-13.683
train,images/train/low_conf_typical_08_12.jpg,labels/train/low_conf_typical_08_12.txt,8,D:\JLAO\uploads\frames\live-9c21a186c141\phone-af2a272830d2.jpg,low-conf,0.21,"0.00,63.82,453.57,691.39",0 0.491938 0.368756 0.983876 0.612856,3.0018,0.9678,1.0368,-1.9917,-14.4663,22.6947
train,images/train/low_conf_typical_08_13.jpg,labels/train/low_conf_typical_08_13.txt,8,D:\JLAO\uploads\frames\live-9c21a186c141\phone-af2a272830d2.jpg,low-conf,0.21,"0.00,56.21,432.45,677.49",0 0.469038 0.358253 0.938075 0.606713,-1.0841,1.0232,1.0468,1.7117,-14.2322,12.9131
train,images/train/low_conf_typical_08_14.jpg,labels/train/low_conf_typical_08_14.txt,8,D:\JLAO\uploads\frames\live-9c21a186c141\phone-af2a272830d2.jpg,low-conf,0.21,"0.51,48.60,440.99,633.79",0 0.478845 0.333197 0.955490 0.571474,-3.4292,0.9614,0.9568,-1.0504,8.8545,-26.85
train,images/train/low_conf_typical_08_15.jpg,labels/train/low_conf_typical_08_15.txt,8,D:\JLAO\uploads\frames\live-9c21a186c141\phone-af2a272830d2.jpg,low-conf,0.21,"0.00,44.09,460.00,686.22",0 0.498915 0.356596 0.997831 0.627073,2.0821,1.0662,1.0657,3.1953,18.7031,15.1882
train,images/train/low_conf_typical_08_16.jpg,labels/train/low_conf_typical_08_16.txt,8,D:\JLAO\uploads\frames\live-9c21a186c141\phone-af2a272830d2.jpg,low-conf,0.21,"0.00,59.16,444.61,633.02",0 0.482221 0.337980 0.964443 0.560405,3.0015,1.0327,0.94,0.6561,-13.6215,-23.0311
train,images/train/low_conf_typical_08_17.jpg,labels/train/low_conf_typical_08_17.txt,8,D:\JLAO\uploads\frames\live-9c21a186c141\phone-af2a272830d2.jpg,low-conf,0.21,"0.00,58.87,449.59,655.80",0 0.487629 0.348958 0.975258 0.582940,1.9987,1.0203,0.9936,-0.967,-12.0288,-3.9951
val,images/val/low_conf_typical_08_18.jpg,labels/val/low_conf_typical_08_18.txt,8,D:\JLAO\uploads\frames\live-9c21a186c141\phone-af2a272830d2.jpg,low-conf,0.21,"6.58,42.35,453.62,666.19",0 0.499131 0.345970 0.969736 0.609221,2.3179,1.019,1.0336,1.8998,11.8198,-0.6605
train,images/train/low_conf_typical_09_01.jpg,labels/train/low_conf_typical_09_01.txt,9,D:\JLAO\uploads\frames\live-1b7df07d370d\phone-e3f8af7281b7.jpg,manual-no-detection,0.0,"222.66,196.11,460.00,677.30",0 0.740416 0.426470 0.514830 0.469909,-3.7661,0.9713,0.9645,0.9436,3.8271,-24.3148
train,images/train/low_conf_typical_09_02.jpg,labels/train/low_conf_typical_09_02.txt,9,D:\JLAO\uploads\frames\live-1b7df07d370d\phone-e3f8af7281b7.jpg,manual-no-detection,0.0,"225.55,231.79,460.00,727.17",0 0.743542 0.468244 0.508577 0.483774,1.7195,1.0455,1.007,-2.6771,-1.6697,8.9189
train,images/train/low_conf_typical_09_03.jpg,labels/train/low_conf_typical_09_03.txt,9,D:\JLAO\uploads\frames\live-1b7df07d370d\phone-e3f8af7281b7.jpg,manual-no-detection,0.0,"234.72,189.00,460.00,699.50",0 0.753494 0.433837 0.488673 0.498543,0.353,0.9989,1.0474,2.0787,1.8243,-21.3509
train,images/train/low_conf_typical_09_04.jpg,labels/train/low_conf_typical_09_04.txt,9,D:\JLAO\uploads\frames\live-1b7df07d370d\phone-e3f8af7281b7.jpg,manual-no-detection,0.0,"237.28,252.13,460.00,727.22",0 0.756273 0.478199 0.483115 0.463962,-1.9129,1.0045,0.9635,0.8715,8.7192,25.0434
train,images/train/low_conf_typical_09_05.jpg,labels/train/low_conf_typical_09_05.txt,9,D:\JLAO\uploads\frames\live-1b7df07d370d\phone-e3f8af7281b7.jpg,manual-no-detection,0.0,"236.82,194.45,460.00,681.85",0 0.755774 0.427878 0.484114 0.475977,-1.1579,0.9842,0.9947,1.7715,9.6561,-26.7196
train,images/train/low_conf_typical_09_06.jpg,labels/train/low_conf_typical_09_06.txt,9,D:\JLAO\uploads\frames\live-1b7df07d370d\phone-e3f8af7281b7.jpg,manual-no-detection,0.0,"227.73,210.20,460.00,697.90",0 0.745916 0.443407 0.503830 0.476275,-3.5771,1.0298,0.9769,0.4599,5.2231,-6.3219
train,images/train/low_conf_typical_09_07.jpg,labels/train/low_conf_typical_09_07.txt,9,D:\JLAO\uploads\frames\live-1b7df07d370d\phone-e3f8af7281b7.jpg,manual-no-detection,0.0,"241.72,203.91,460.00,693.35",0 0.761088 0.438117 0.473486 0.477966,1.5984,0.9748,0.995,0.4901,3.8275,-21.8914
train,images/train/low_conf_typical_09_08.jpg,labels/train/low_conf_typical_09_08.txt,9,D:\JLAO\uploads\frames\live-1b7df07d370d\phone-e3f8af7281b7.jpg,manual-no-detection,0.0,"214.17,191.94,460.00,710.61",0 0.731202 0.440698 0.533258 0.506521,-5.2233,0.9808,1.0331,1.0972,5.1961,-3.7059
train,images/train/low_conf_typical_09_09.jpg,labels/train/low_conf_typical_09_09.txt,9,D:\JLAO\uploads\frames\live-1b7df07d370d\phone-e3f8af7281b7.jpg,manual-no-detection,0.0,"214.42,223.51,460.00,739.58",0 0.731475 0.470258 0.532712 0.503972,4.5452,1.0621,1.0276,-0.2976,-11.0789,5.4374
train,images/train/low_conf_typical_09_10.jpg,labels/train/low_conf_typical_09_10.txt,9,D:\JLAO\uploads\frames\live-1b7df07d370d\phone-e3f8af7281b7.jpg,manual-no-detection,0.0,"245.75,238.24,460.00,729.30",0 0.765453 0.472429 0.464755 0.479551,2.7866,0.9791,0.9872,3.5345,7.7192,10.5111
train,images/train/low_conf_typical_09_11.jpg,labels/train/low_conf_typical_09_11.txt,9,D:\JLAO\uploads\frames\live-1b7df07d370d\phone-e3f8af7281b7.jpg,manual-no-detection,0.0,"259.57,205.91,460.00,695.75",0 0.780449 0.440263 0.434763 0.478367,0.4925,0.9564,1.0042,0.2346,18.9712,-16.9756
train,images/train/low_conf_typical_09_12.jpg,labels/train/low_conf_typical_09_12.txt,9,D:\JLAO\uploads\frames\live-1b7df07d370d\phone-e3f8af7281b7.jpg,manual-no-detection,0.0,"216.44,203.80,458.20,682.88",0 0.731717 0.432953 0.524417 0.467851,-4.0405,1.0358,0.9528,-2.1251,-16.7605,-16.946
train,images/train/low_conf_typical_09_13.jpg,labels/train/low_conf_typical_09_13.txt,9,D:\JLAO\uploads\frames\live-1b7df07d370d\phone-e3f8af7281b7.jpg,manual-no-detection,0.0,"210.53,244.33,460.00,729.87",0 0.727251 0.475683 0.541159 0.474157,-1.8248,0.9688,0.9874,3.2522,-5.9029,23.1635
train,images/train/low_conf_typical_09_14.jpg,labels/train/low_conf_typical_09_14.txt,9,D:\JLAO\uploads\frames\live-1b7df07d370d\phone-e3f8af7281b7.jpg,manual-no-detection,0.0,"214.15,241.44,444.99,703.77",0 0.714907 0.461532 0.500745 0.451496,-0.7613,0.9611,0.946,1.7783,-15.3232,4.7037
train,images/train/low_conf_typical_09_15.jpg,labels/train/low_conf_typical_09_15.txt,9,D:\JLAO\uploads\frames\live-1b7df07d370d\phone-e3f8af7281b7.jpg,manual-no-detection,0.0,"236.50,209.67,457.64,723.47",0 0.752861 0.455637 0.479702 0.501758,-4.1522,0.9476,1.0257,-2.5259,3.5202,9.0575
train,images/train/low_conf_typical_09_16.jpg,labels/train/low_conf_typical_09_16.txt,9,D:\JLAO\uploads\frames\live-1b7df07d370d\phone-e3f8af7281b7.jpg,manual-no-detection,0.0,"213.69,185.18,449.05,693.47",0 0.718803 0.429028 0.510547 0.496371,-1.0258,0.9823,1.037,-3.3279,-19.8455,-23.8408
train,images/train/low_conf_typical_09_17.jpg,labels/train/low_conf_typical_09_17.txt,9,D:\JLAO\uploads\frames\live-1b7df07d370d\phone-e3f8af7281b7.jpg,manual-no-detection,0.0,"190.80,219.16,460.00,745.42",0 0.705857 0.470987 0.583948 0.513921,5.3887,0.9677,1.0524,-3.4236,-18.799,6.1781
train,images/train/low_conf_typical_09_18.jpg,labels/train/low_conf_typical_09_18.txt,9,D:\JLAO\uploads\frames\live-1b7df07d370d\phone-e3f8af7281b7.jpg,manual-no-detection,0.0,"242.47,191.52,453.60,700.16",0 0.754960 0.435391 0.457981 0.496717,-2.4761,0.9501,1.0268,-2.8483,2.378,-14.9293
train,images/train/low_conf_typical_09_19.jpg,labels/train/low_conf_typical_09_19.txt,9,D:\JLAO\uploads\frames\live-1b7df07d370d\phone-e3f8af7281b7.jpg,manual-no-detection,0.0,"238.29,179.63,460.00,695.33",0 0.757360 0.427228 0.480942 0.503614,-0.0047,0.9657,1.0611,2.9914,12.675,-26.76
train,images/train/low_conf_typical_09_20.jpg,labels/train/low_conf_typical_09_20.txt,9,D:\JLAO\uploads\frames\live-1b7df07d370d\phone-e3f8af7281b7.jpg,manual-no-detection,0.0,"192.41,194.01,453.00,718.75",0 0.700011 0.445684 0.565251 0.512448,-2.4777,0.955,1.0647,3.2397,-18.4609,-2.8733
train,images/train/low_conf_typical_09_21.jpg,labels/train/low_conf_typical_09_21.txt,9,D:\JLAO\uploads\frames\live-1b7df07d370d\phone-e3f8af7281b7.jpg,manual-no-detection,0.0,"234.32,209.24,460.00,713.67",0 0.753063 0.450641 0.489536 0.492609,5.1626,1.0357,0.9952,3.0281,-0.6886,-17.0031
train,images/train/low_conf_typical_09_22.jpg,labels/train/low_conf_typical_09_22.txt,9,D:\JLAO\uploads\frames\live-1b7df07d370d\phone-e3f8af7281b7.jpg,manual-no-detection,0.0,"201.35,211.62,460.00,708.62",0 0.717294 0.449340 0.561073 0.485352,5.4505,0.9401,0.9901,-1.9451,-14.6695,-18.4734
train,images/train/low_conf_typical_09_23.jpg,labels/train/low_conf_typical_09_23.txt,9,D:\JLAO\uploads\frames\live-1b7df07d370d\phone-e3f8af7281b7.jpg,manual-no-detection,0.0,"217.42,221.79,460.00,719.47",0 0.734733 0.459596 0.526196 0.486015,5.4676,0.9758,0.9926,-3.607,6.8122,-8.4282
train,images/train/low_conf_typical_09_24.jpg,labels/train/low_conf_typical_09_24.txt,9,D:\JLAO\uploads\frames\live-1b7df07d370d\phone-e3f8af7281b7.jpg,manual-no-detection,0.0,"246.38,240.06,460.00,715.72",0 0.766141 0.466691 0.463380 0.464518,1.3508,1.0153,0.9694,-2.8627,18.3293,6.5532
train,images/train/low_conf_typical_09_25.jpg,labels/train/low_conf_typical_09_25.txt,9,D:\JLAO\uploads\frames\live-1b7df07d370d\phone-e3f8af7281b7.jpg,manual-no-detection,0.0,"223.01,234.91,460.00,711.25",0 0.740793 0.461992 0.514077 0.465171,4.1079,0.9512,0.9544,-2.1177,2.1058,-4.4413
train,images/train/low_conf_typical_09_26.jpg,labels/train/low_conf_typical_09_26.txt,9,D:\JLAO\uploads\frames\live-1b7df07d370d\phone-e3f8af7281b7.jpg,manual-no-detection,0.0,"226.29,190.35,460.00,705.40",0 0.744349 0.437379 0.506964 0.502973,2.614,1.0316,1.0385,1.3912,-11.6717,-23.0811
train,images/train/low_conf_typical_09_27.jpg,labels/train/low_conf_typical_09_27.txt,9,D:\JLAO\uploads\frames\live-1b7df07d370d\phone-e3f8af7281b7.jpg,manual-no-detection,0.0,"222.66,228.10,460.00,740.84",0 0.740409 0.473115 0.514844 0.500723,-3.03,1.0455,1.0339,2.4988,8.8666,25.512
train,images/train/low_conf_typical_09_28.jpg,labels/train/low_conf_typical_09_28.txt,9,D:\JLAO\uploads\frames\live-1b7df07d370d\phone-e3f8af7281b7.jpg,manual-no-detection,0.0,"234.82,224.66,460.00,684.91",0 0.753597 0.444125 0.488468 0.449455,0.3932,0.9765,0.9443,-3.0175,4.2258,-15.5476
train,images/train/low_conf_typical_09_29.jpg,labels/train/low_conf_typical_09_29.txt,9,D:\JLAO\uploads\frames\live-1b7df07d370d\phone-e3f8af7281b7.jpg,manual-no-detection,0.0,"211.48,237.37,457.87,714.14",0 0.725980 0.464602 0.534462 0.465598,0.1668,0.9994,0.9799,-3.1412,-19.298,7.487
train,images/train/low_conf_typical_09_30.jpg,labels/train/low_conf_typical_09_30.txt,9,D:\JLAO\uploads\frames\live-1b7df07d370d\phone-e3f8af7281b7.jpg,manual-no-detection,0.0,"238.98,218.44,460.00,749.13",0 0.758117 0.472447 0.479428 0.518259,-3.2398,1.0032,1.0654,-2.6037,0.375,26.6353
train,images/train/low_conf_typical_09_31.jpg,labels/train/low_conf_typical_09_31.txt,9,D:\JLAO\uploads\frames\live-1b7df07d370d\phone-e3f8af7281b7.jpg,manual-no-detection,0.0,"228.04,257.17,460.00,748.15",0 0.746245 0.490880 0.503172 0.479470,3.3837,1.0582,0.9873,-3.4155,8.5744,27.298
train,images/train/low_conf_typical_09_32.jpg,labels/train/low_conf_typical_09_32.txt,9,D:\JLAO\uploads\frames\live-1b7df07d370d\phone-e3f8af7281b7.jpg,manual-no-detection,0.0,"233.99,232.33,460.00,754.36",0 0.752697 0.481786 0.490268 0.509793,3.9089,0.9454,1.0472,0.2369,5.9191,20.5795
train,images/train/low_conf_typical_09_33.jpg,labels/train/low_conf_typical_09_33.txt,9,D:\JLAO\uploads\frames\live-1b7df07d370d\phone-e3f8af7281b7.jpg,manual-no-detection,0.0,"242.97,202.02,460.00,689.90",0 0.762437 0.435505 0.470788 0.476442,1.0577,0.9444,0.9952,3.0588,11.6308,-23.3321
train,images/train/low_conf_typical_09_34.jpg,labels/train/low_conf_typical_09_34.txt,9,D:\JLAO\uploads\frames\live-1b7df07d370d\phone-e3f8af7281b7.jpg,manual-no-detection,0.0,"209.02,208.05,446.09,706.64",0 0.710529 0.446623 0.514262 0.486908,-5.3323,0.9845,0.9847,-2.652,-19.4805,0.7234
train,images/train/low_conf_typical_09_35.jpg,labels/train/low_conf_typical_09_35.txt,9,D:\JLAO\uploads\frames\live-1b7df07d370d\phone-e3f8af7281b7.jpg,manual-no-detection,0.0,"228.25,233.80,460.00,729.98",0 0.746478 0.470597 0.502705 0.484555,-5.3828,1.0284,0.9758,-3.7476,-5.9849,25.5517
train,images/train/low_conf_typical_09_36.jpg,labels/train/low_conf_typical_09_36.txt,9,D:\JLAO\uploads\frames\live-1b7df07d370d\phone-e3f8af7281b7.jpg,manual-no-detection,0.0,"240.60,245.75,460.00,745.99",0 0.759875 0.484248 0.475911 0.488523,3.5948,1.0672,1.004,-2.608,19.3574,20.7354
train,images/train/low_conf_typical_09_37.jpg,labels/train/low_conf_typical_09_37.txt,9,D:\JLAO\uploads\frames\live-1b7df07d370d\phone-e3f8af7281b7.jpg,manual-no-detection,0.0,"242.74,255.92,460.00,755.44",0 0.762193 0.493825 0.471276 0.487814,5.4666,1.0203,0.9872,0.7775,16.5424,26.1967
train,images/train/low_conf_typical_09_38.jpg,labels/train/low_conf_typical_09_38.txt,9,D:\JLAO\uploads\frames\live-1b7df07d370d\phone-e3f8af7281b7.jpg,manual-no-detection,0.0,"218.60,215.87,460.00,724.02",0 0.736005 0.458934 0.523651 0.496238,-2.8543,1.0301,1.0238,0.1165,-8.4526,10.166
train,images/train/low_conf_typical_09_39.jpg,labels/train/low_conf_typical_09_39.txt,9,D:\JLAO\uploads\frames\live-1b7df07d370d\phone-e3f8af7281b7.jpg,manual-no-detection,0.0,"218.34,221.87,460.00,706.19",0 0.735724 0.453158 0.524214 0.472970,1.1869,0.9543,0.9889,-2.8474,-9.3419,-5.9144
train,images/train/low_conf_typical_09_40.jpg,labels/train/low_conf_typical_09_40.txt,9,D:\JLAO\uploads\frames\live-1b7df07d370d\phone-e3f8af7281b7.jpg,manual-no-detection,0.0,"230.24,223.60,460.00,725.42",0 0.748628 0.463387 0.498405 0.490063,-0.8475,0.9448,1.0254,-3.7154,-0.9487,10.3806
train,images/train/low_conf_typical_09_41.jpg,labels/train/low_conf_typical_09_41.txt,9,D:\JLAO\uploads\frames\live-1b7df07d370d\phone-e3f8af7281b7.jpg,manual-no-detection,0.0,"230.69,251.75,460.00,728.28",0 0.749118 0.478529 0.497425 0.465356,4.9089,0.9937,0.9425,2.2254,-2.4548,10.1233
train,images/train/low_conf_typical_09_42.jpg,labels/train/low_conf_typical_09_42.txt,9,D:\JLAO\uploads\frames\live-1b7df07d370d\phone-e3f8af7281b7.jpg,manual-no-detection,0.0,"238.67,222.92,460.00,736.64",0 0.757771 0.468537 0.480119 0.501680,3.7326,0.94,1.0315,0.1166,10.2591,6.7035
train,images/train/low_conf_typical_09_43.jpg,labels/train/low_conf_typical_09_43.txt,9,D:\JLAO\uploads\frames\live-1b7df07d370d\phone-e3f8af7281b7.jpg,manual-no-detection,0.0,"251.28,220.26,460.00,709.75",0 0.771458 0.454105 0.452745 0.478011,0.4413,0.9855,1.0038,-0.1974,11.6668,-2.7464
train,images/train/low_conf_typical_09_44.jpg,labels/train/low_conf_typical_09_44.txt,9,D:\JLAO\uploads\frames\live-1b7df07d370d\phone-e3f8af7281b7.jpg,manual-no-detection,0.0,"218.82,173.57,460.00,704.20",0 0.736244 0.428598 0.523173 0.518199,-4.6564,1.0331,1.0564,-0.7313,-2.6959,-15.5356
train,images/train/low_conf_typical_09_45.jpg,labels/train/low_conf_typical_09_45.txt,9,D:\JLAO\uploads\frames\live-1b7df07d370d\phone-e3f8af7281b7.jpg,manual-no-detection,0.0,"227.73,188.43,449.54,708.37",0 0.734564 0.437891 0.481161 0.507754,2.1994,0.9818,1.0526,1.4199,-11.2197,-20.7804
train,images/train/low_conf_typical_09_46.jpg,labels/train/low_conf_typical_09_46.txt,9,D:\JLAO\uploads\frames\live-1b7df07d370d\phone-e3f8af7281b7.jpg,manual-no-detection,0.0,"242.29,204.92,460.00,686.49",0 0.761700 0.435259 0.472262 0.470292,0.8196,1.0166,0.9842,0.958,0.7826,-23.7585
train,images/train/low_conf_typical_09_47.jpg,labels/train/low_conf_typical_09_47.txt,9,D:\JLAO\uploads\frames\live-1b7df07d370d\phone-e3f8af7281b7.jpg,manual-no-detection,0.0,"250.46,217.43,460.00,731.85",0 0.770565 0.463516 0.454532 0.502371,4.2506,1.0293,1.0237,2.4615,14.4904,-0.5055
train,images/train/low_conf_typical_09_48.jpg,labels/train/low_conf_typical_09_48.txt,9,D:\JLAO\uploads\frames\live-1b7df07d370d\phone-e3f8af7281b7.jpg,manual-no-detection,0.0,"217.77,220.93,460.00,708.59",0 0.735108 0.453866 0.525445 0.476231,1.6591,1.0098,0.9921,-2.8281,-8.9515,-6.2185
train,images/train/low_conf_typical_09_49.jpg,labels/train/low_conf_typical_09_49.txt,9,D:\JLAO\uploads\frames\live-1b7df07d370d\phone-e3f8af7281b7.jpg,manual-no-detection,0.0,"253.80,209.18,460.00,710.41",0 0.774183 0.449017 0.447295 0.489481,-2.2553,1.0685,1.0116,-2.1982,11.3087,-1.5614
train,images/train/low_conf_typical_09_50.jpg,labels/train/low_conf_typical_09_50.txt,9,D:\JLAO\uploads\frames\live-1b7df07d370d\phone-e3f8af7281b7.jpg,manual-no-detection,0.0,"201.76,214.27,460.00,690.99",0 0.717746 0.442022 0.560169 0.465542,-4.9641,0.9843,0.9496,2.4375,-4.7531,-6.6503
train,images/train/low_conf_typical_09_51.jpg,labels/train/low_conf_typical_09_51.txt,9,D:\JLAO\uploads\frames\live-1b7df07d370d\phone-e3f8af7281b7.jpg,manual-no-detection,0.0,"234.10,222.81,460.00,699.18",0 0.752819 0.450192 0.490023 0.465205,2.0317,0.9968,0.9653,-0.6707,1.1547,-11.8873
train,images/train/low_conf_typical_09_52.jpg,labels/train/low_conf_typical_09_52.txt,9,D:\JLAO\uploads\frames\live-1b7df07d370d\phone-e3f8af7281b7.jpg,manual-no-detection,0.0,"228.65,203.71,460.00,689.57",0 0.746906 0.436172 0.501849 0.474478,-5.36,0.992,0.9644,1.4174,19.5781,-11.039
train,images/train/low_conf_typical_09_53.jpg,labels/train/low_conf_typical_09_53.txt,9,D:\JLAO\uploads\frames\live-1b7df07d370d\phone-e3f8af7281b7.jpg,manual-no-detection,0.0,"250.16,264.44,460.00,730.64",0 0.770236 0.485879 0.455190 0.455277,1.5337,0.9563,0.9485,-1.0197,17.0318,25.0909
train,images/train/low_conf_typical_09_54.jpg,labels/train/low_conf_typical_09_54.txt,9,D:\JLAO\uploads\frames\live-1b7df07d370d\phone-e3f8af7281b7.jpg,manual-no-detection,0.0,"212.65,237.41,460.00,722.96",0 0.729557 0.468927 0.536547 0.474169,-2.8112,1.0659,0.9766,-0.0518,-16.55,18.4053
train,images/train/low_conf_typical_09_55.jpg,labels/train/low_conf_typical_09_55.txt,9,D:\JLAO\uploads\frames\live-1b7df07d370d\phone-e3f8af7281b7.jpg,manual-no-detection,0.0,"230.59,226.96,460.00,701.61",0 0.749008 0.453405 0.497645 0.463531,-0.8866,0.9855,0.9707,3.0909,8.1741,-2.2278
train,images/train/low_conf_typical_09_56.jpg,labels/train/low_conf_typical_09_56.txt,9,D:\JLAO\uploads\frames\live-1b7df07d370d\phone-e3f8af7281b7.jpg,manual-no-detection,0.0,"238.25,224.63,460.00,731.74",0 0.757323 0.466976 0.481016 0.495218,2.3082,1.0561,1.0267,-2.2701,11.8566,7.1286
train,images/train/low_conf_typical_09_57.jpg,labels/train/low_conf_typical_09_57.txt,9,D:\JLAO\uploads\frames\live-1b7df07d370d\phone-e3f8af7281b7.jpg,manual-no-detection,0.0,"251.25,249.63,460.00,734.41",0 0.771421 0.480485 0.452820 0.473418,-0.4963,1.018,0.9933,-1.8478,13.6847,25.7915
val,images/val/low_conf_typical_09_58.jpg,labels/val/low_conf_typical_09_58.txt,9,D:\JLAO\uploads\frames\live-1b7df07d370d\phone-e3f8af7281b7.jpg,manual-no-detection,0.0,"207.48,206.29,454.42,690.64",0 0.717899 0.437955 0.535661 0.473005,2.0668,0.9451,0.9836,-2.7404,-17.5404,-23.5015
train,images/train/low_conf_typical_10_01.jpg,labels/train/low_conf_typical_10_01.txt,10,D:\JLAO\uploads\frames\live-1b7df07d370d\phone-f59dd648fa03.jpg,manual-no-detection,0.0,"44.60,151.21,375.11,641.86",0 0.455214 0.387241 0.716927 0.479151,1.2266,1.036,1.0134,-1.3567,-16.7917,17.4009
train,images/train/low_conf_typical_10_02.jpg,labels/train/low_conf_typical_10_02.txt,10,D:\JLAO\uploads\frames\live-1b7df07d370d\phone-f59dd648fa03.jpg,manual-no-detection,0.0,"44.10,151.88,401.08,634.89",0 0.482840 0.384168 0.774364 0.471693,5.0113,1.0298,0.9601,-1.4018,-12.2182,7.2697
train,images/train/low_conf_typical_10_03.jpg,labels/train/low_conf_typical_10_03.txt,10,D:\JLAO\uploads\frames\live-1b7df07d370d\phone-f59dd648fa03.jpg,manual-no-detection,0.0,"52.51,150.01,376.73,634.48",0 0.465555 0.383051 0.703310 0.473119,0.6823,1.0427,1.0054,2.2931,-2.269,12.1221
train,images/train/low_conf_typical_10_04.jpg,labels/train/low_conf_typical_10_04.txt,10,D:\JLAO\uploads\frames\live-1b7df07d370d\phone-f59dd648fa03.jpg,manual-no-detection,0.0,"53.06,147.70,368.80,626.60",0 0.457548 0.378077 0.684904 0.467675,-4.8001,0.9442,0.9555,-0.3616,-0.9449,-0.8063
train,images/train/low_conf_typical_10_05.jpg,labels/train/low_conf_typical_10_05.txt,10,D:\JLAO\uploads\frames\live-1b7df07d370d\phone-f59dd648fa03.jpg,manual-no-detection,0.0,"66.18,145.16,398.32,635.68",0 0.503796 0.381272 0.720493 0.479020,-1.6044,1.0612,1.0082,0.3007,16.2186,10.144
train,images/train/low_conf_typical_10_06.jpg,labels/train/low_conf_typical_10_06.txt,10,D:\JLAO\uploads\frames\live-1b7df07d370d\phone-f59dd648fa03.jpg,manual-no-detection,0.0,"43.57,156.27,375.24,625.02",0 0.454243 0.381490 0.719474 0.457759,3.2924,1.0297,0.9453,0.0785,-18.2702,2.8417
train,images/train/low_conf_typical_10_07.jpg,labels/train/low_conf_typical_10_07.txt,10,D:\JLAO\uploads\frames\live-1b7df07d370d\phone-f59dd648fa03.jpg,manual-no-detection,0.0,"74.44,161.06,394.68,647.59",0 0.508810 0.394849 0.694669 0.475130,2.9121,0.9531,0.9903,-1.5208,3.0737,22.1697
train,images/train/low_conf_typical_10_08.jpg,labels/train/low_conf_typical_10_08.txt,10,D:\JLAO\uploads\frames\live-1b7df07d370d\phone-f59dd648fa03.jpg,manual-no-detection,0.0,"61.41,148.81,367.21,642.97",0 0.464871 0.386614 0.663342 0.482579,-0.5784,0.9994,1.0273,-1.5095,-8.8879,18.4021
train,images/train/low_conf_typical_10_09.jpg,labels/train/low_conf_typical_10_09.txt,10,D:\JLAO\uploads\frames\live-1b7df07d370d\phone-f59dd648fa03.jpg,manual-no-detection,0.0,"71.34,136.39,415.83,654.18",0 0.528393 0.386019 0.747265 0.505654,3.1257,1.0152,1.052,-1.7116,11.0925,21.193
train,images/train/low_conf_typical_10_10.jpg,labels/train/low_conf_typical_10_10.txt,10,D:\JLAO\uploads\frames\live-1b7df07d370d\phone-f59dd648fa03.jpg,manual-no-detection,0.0,"55.32,127.25,380.56,612.01",0 0.472761 0.360967 0.705504 0.473403,-4.9633,1.0564,0.9557,-3.509,0.6244,-17.8481
train,images/train/low_conf_typical_10_11.jpg,labels/train/low_conf_typical_10_11.txt,10,D:\JLAO\uploads\frames\live-1b7df07d370d\phone-f59dd648fa03.jpg,manual-no-detection,0.0,"45.42,150.04,411.22,633.66",0 0.495277 0.382664 0.793503 0.472286,2.1734,1.0586,0.99,-3.9471,-5.9891,9.4913
train,images/train/low_conf_typical_10_12.jpg,labels/train/low_conf_typical_10_12.txt,10,D:\JLAO\uploads\frames\live-1b7df07d370d\phone-f59dd648fa03.jpg,manual-no-detection,0.0,"59.83,126.78,348.30,595.35",0 0.442654 0.352602 0.625750 0.457595,2.0073,0.9646,0.9585,2.1567,-16.9509,-24.9559
train,images/train/low_conf_typical_10_13.jpg,labels/train/low_conf_typical_10_13.txt,10,D:\JLAO\uploads\frames\live-1b7df07d370d\phone-f59dd648fa03.jpg,manual-no-detection,0.0,"93.45,95.34,388.12,601.60",0 0.522301 0.340300 0.639198 0.494392,-1.229,0.9522,1.0456,-2.4857,16.3178,-26.6507
train,images/train/low_conf_typical_10_14.jpg,labels/train/low_conf_typical_10_14.txt,10,D:\JLAO\uploads\frames\live-1b7df07d370d\phone-f59dd648fa03.jpg,manual-no-detection,0.0,"38.12,168.28,367.97,643.34",0 0.440438 0.396300 0.715505 0.463927,-1.0347,0.9822,0.984,3.4919,-7.9358,22.3888
train,images/train/low_conf_typical_10_15.jpg,labels/train/low_conf_typical_10_15.txt,10,D:\JLAO\uploads\frames\live-1b7df07d370d\phone-f59dd648fa03.jpg,manual-no-detection,0.0,"78.37,140.18,410.02,652.09",0 0.529706 0.386849 0.719422 0.499910,2.4934,1.0013,1.0458,-1.3537,14.0027,21.2819
train,images/train/low_conf_typical_10_16.jpg,labels/train/low_conf_typical_10_16.txt,10,D:\JLAO\uploads\frames\live-1b7df07d370d\phone-f59dd648fa03.jpg,manual-no-detection,0.0,"44.49,179.38,393.79,641.30",0 0.475352 0.400723 0.757705 0.451096,1.755,1.0203,0.9494,-3.974,-14.1193,22.6793
train,images/train/low_conf_typical_10_17.jpg,labels/train/low_conf_typical_10_17.txt,10,D:\JLAO\uploads\frames\live-1b7df07d370d\phone-f59dd648fa03.jpg,manual-no-detection,0.0,"61.05,143.57,395.24,638.76",0 0.494891 0.381999 0.724911 0.483585,-1.9132,0.9815,1.0179,3.0169,18.4389,11.8912
val,images/val/low_conf_typical_10_18.jpg,labels/val/low_conf_typical_10_18.txt,10,D:\JLAO\uploads\frames\live-1b7df07d370d\phone-f59dd648fa03.jpg,manual-no-detection,0.0,"65.78,138.93,442.15,654.94",0 0.550899 0.387631 0.816434 0.503914,4.1433,1.0489,1.0393,-3.3175,15.6943,20.8812
train,images/train/low_conf_typical_12_01.jpg,labels/train/low_conf_typical_12_01.txt,12,D:\JLAO\uploads\frames\live-1b7df07d370d\phone-4a3318802e34.jpg,manual-no-detection,0.0,"53.77,41.04,403.83,812.33",0 0.496315 0.416684 0.759358 0.753204,-1.0451,1.0647,0.9705,-1.8288,-18.7035,-9.2923
train,images/train/low_conf_typical_12_02.jpg,labels/train/low_conf_typical_12_02.txt,12,D:\JLAO\uploads\frames\live-1b7df07d370d\phone-4a3318802e34.jpg,manual-no-detection,0.0,"69.90,53.84,435.58,849.65",0 0.548241 0.441155 0.793251 0.777156,0.8137,1.0607,1.0032,2.7954,9.04,17.8143
train,images/train/low_conf_typical_12_03.jpg,labels/train/low_conf_typical_12_03.txt,12,D:\JLAO\uploads\frames\live-1b7df07d370d\phone-4a3318802e34.jpg,manual-no-detection,0.0,"95.06,32.87,428.07,837.77",0 0.567385 0.425120 0.722350 0.786039,-4.769,0.9796,0.9873,-3.1805,18.5599,1.6456
train,images/train/low_conf_typical_12_04.jpg,labels/train/low_conf_typical_12_04.txt,12,D:\JLAO\uploads\frames\live-1b7df07d370d\phone-4a3318802e34.jpg,manual-no-detection,0.0,"62.84,0.00,402.47,828.23",0 0.504677 0.404410 0.736732 0.808820,3.5054,1.0415,1.025,2.9364,-14.2315,-19.1886
train,images/train/low_conf_typical_12_05.jpg,labels/train/low_conf_typical_12_05.txt,12,D:\JLAO\uploads\frames\live-1b7df07d370d\phone-4a3318802e34.jpg,manual-no-detection,0.0,"88.86,18.80,437.85,852.39",0 0.571268 0.425384 0.757044 0.814053,-1.0269,1.0415,1.0505,0.1377,18.9006,5.7961
train,images/train/low_conf_typical_12_06.jpg,labels/train/low_conf_typical_12_06.txt,12,D:\JLAO\uploads\frames\live-1b7df07d370d\phone-4a3318802e34.jpg,manual-no-detection,0.0,"70.42,25.74,393.99,812.47",0 0.503706 0.409281 0.701881 0.768289,-1.9842,0.9442,0.9836,-3.6477,-14.678,-15.5644
train,images/train/low_conf_typical_12_07.jpg,labels/train/low_conf_typical_12_07.txt,12,D:\JLAO\uploads\frames\live-1b7df07d370d\phone-4a3318802e34.jpg,manual-no-detection,0.0,"39.21,0.00,445.31,818.51",0 0.525510 0.399664 0.880922 0.799329,-4.3155,0.9418,1.021,3.2814,8.2188,-24.0433
train,images/train/low_conf_typical_12_08.jpg,labels/train/low_conf_typical_12_08.txt,12,D:\JLAO\uploads\frames\live-1b7df07d370d\phone-4a3318802e34.jpg,manual-no-detection,0.0,"70.54,74.84,415.32,841.73",0 0.526962 0.447545 0.747895 0.748911,-3.9982,1.0339,0.9431,-2.7829,-1.4785,21.0012
train,images/train/low_conf_typical_12_09.jpg,labels/train/low_conf_typical_12_09.txt,12,D:\JLAO\uploads\frames\live-1b7df07d370d\phone-4a3318802e34.jpg,manual-no-detection,0.0,"17.71,38.45,426.29,833.99",0 0.481556 0.425994 0.886288 0.776900,-2.6757,1.0667,0.9924,2.3584,-17.6871,2.1396
train,images/train/low_conf_typical_12_10.jpg,labels/train/low_conf_typical_12_10.txt,12,D:\JLAO\uploads\frames\live-1b7df07d370d\phone-4a3318802e34.jpg,manual-no-detection,0.0,"50.51,0.00,451.46,837.27",0 0.544431 0.408824 0.869732 0.817647,-1.2467,1.0319,1.063,3.6648,12.1219,-13.331
train,images/train/low_conf_typical_12_11.jpg,labels/train/low_conf_typical_12_11.txt,12,D:\JLAO\uploads\frames\live-1b7df07d370d\phone-4a3318802e34.jpg,manual-no-detection,0.0,"88.35,45.66,432.25,871.16",0 0.564649 0.447663 0.745987 0.806154,1.2603,1.0218,1.0387,-0.0015,12.6957,27.0719
train,images/train/low_conf_typical_12_12.jpg,labels/train/low_conf_typical_12_12.txt,12,D:\JLAO\uploads\frames\live-1b7df07d370d\phone-4a3318802e34.jpg,manual-no-detection,0.0,"40.54,80.18,419.90,844.84",0 0.499392 0.451673 0.822925 0.746737,-0.8638,1.0344,0.9649,2.859,-10.9017,25.9445
train,images/train/low_conf_typical_12_13.jpg,labels/train/low_conf_typical_12_13.txt,12,D:\JLAO\uploads\frames\live-1b7df07d370d\phone-4a3318802e34.jpg,manual-no-detection,0.0,"78.80,21.04,424.56,840.38",0 0.545947 0.420620 0.750020 0.800137,0.5511,0.9765,1.0363,-1.8537,3.142,-0.6207
train,images/train/low_conf_typical_12_14.jpg,labels/train/low_conf_typical_12_14.txt,12,D:\JLAO\uploads\frames\live-1b7df07d370d\phone-4a3318802e34.jpg,manual-no-detection,0.0,"92.71,51.56,439.97,856.31",0 0.577745 0.443295 0.753256 0.785884,-2.3708,1.0482,1.0021,-3.3239,18.8284,20.8733
train,images/train/low_conf_typical_12_15.jpg,labels/train/low_conf_typical_12_15.txt,12,D:\JLAO\uploads\frames\live-1b7df07d370d\phone-4a3318802e34.jpg,manual-no-detection,0.0,"78.07,9.59,409.19,849.79",0 0.528475 0.419623 0.718272 0.820509,5.3245,0.943,1.0301,3.0971,-4.0847,-3.2144
train,images/train/low_conf_typical_12_16.jpg,labels/train/low_conf_typical_12_16.txt,12,D:\JLAO\uploads\frames\live-1b7df07d370d\phone-4a3318802e34.jpg,manual-no-detection,0.0,"71.67,11.18,397.01,810.60",0 0.508330 0.401259 0.705712 0.780688,2.0187,0.95,0.9993,3.6511,-8.1755,-23.5386
train,images/train/low_conf_typical_12_17.jpg,labels/train/low_conf_typical_12_17.txt,12,D:\JLAO\uploads\frames\live-1b7df07d370d\phone-4a3318802e34.jpg,manual-no-detection,0.0,"71.50,39.80,407.13,850.64",0 0.519125 0.434785 0.728039 0.791844,-2.0165,0.9728,1.0156,-0.1919,-3.2445,12.9141
train,images/train/low_conf_typical_12_18.jpg,labels/train/low_conf_typical_12_18.txt,12,D:\JLAO\uploads\frames\live-1b7df07d370d\phone-4a3318802e34.jpg,manual-no-detection,0.0,"27.23,0.00,457.60,844.40",0 0.525848 0.412305 0.933556 0.824611,-4.6707,1.0392,1.0561,2.2237,6.2756,-11.38
train,images/train/low_conf_typical_12_19.jpg,labels/train/low_conf_typical_12_19.txt,12,D:\JLAO\uploads\frames\live-1b7df07d370d\phone-4a3318802e34.jpg,manual-no-detection,0.0,"80.93,57.40,437.63,852.68",0 0.562425 0.444375 0.773755 0.776641,-0.4414,1.0044,1.0057,-3.0644,10.118,21.6321
train,images/train/low_conf_typical_12_20.jpg,labels/train/low_conf_typical_12_20.txt,12,D:\JLAO\uploads\frames\live-1b7df07d370d\phone-4a3318802e34.jpg,manual-no-detection,0.0,"79.37,18.41,416.59,854.80",0 0.537915 0.426375 0.731485 0.816786,-0.3972,1.0455,1.0585,-0.1414,2.1661,7.2781
train,images/train/low_conf_typical_12_21.jpg,labels/train/low_conf_typical_12_21.txt,12,D:\JLAO\uploads\frames\live-1b7df07d370d\phone-4a3318802e34.jpg,manual-no-detection,0.0,"59.11,0.00,402.10,821.74",0 0.500220 0.401241 0.744012 0.802482,2.3509,0.9605,1.0351,-0.2392,-17.9419,-23.8895
train,images/train/low_conf_typical_12_22.jpg,labels/train/low_conf_typical_12_22.txt,12,D:\JLAO\uploads\frames\live-1b7df07d370d\phone-4a3318802e34.jpg,manual-no-detection,0.0,"57.06,0.18,418.86,809.52",0 0.516179 0.395361 0.784824 0.790377,0.2767,0.992,1.0254,-2.9378,-11.9119,-27.26
train,images/train/low_conf_typical_12_23.jpg,labels/train/low_conf_typical_12_23.txt,12,D:\JLAO\uploads\frames\live-1b7df07d370d\phone-4a3318802e34.jpg,manual-no-detection,0.0,"35.59,2.34,445.51,866.16",0 0.521806 0.424071 0.889194 0.843568,4.8236,0.9827,1.0694,-1.8197,-14.291,3.9039
train,images/train/low_conf_typical_12_24.jpg,labels/train/low_conf_typical_12_24.txt,12,D:\JLAO\uploads\frames\live-1b7df07d370d\phone-4a3318802e34.jpg,manual-no-detection,0.0,"66.46,8.44,410.58,845.31",0 0.517390 0.416868 0.746466 0.817256,4.089,1.0529,1.0298,3.4478,-8.6373,-5.7867
train,images/train/low_conf_typical_12_25.jpg,labels/train/low_conf_typical_12_25.txt,12,D:\JLAO\uploads\frames\live-1b7df07d370d\phone-4a3318802e34.jpg,manual-no-detection,0.0,"56.12,37.19,392.40,823.15",0 0.486460 0.420088 0.729458 0.767539,-1.8469,0.9443,0.986,0.7497,-16.9146,-4.5359
train,images/train/low_conf_typical_12_26.jpg,labels/train/low_conf_typical_12_26.txt,12,D:\JLAO\uploads\frames\live-1b7df07d370d\phone-4a3318802e34.jpg,manual-no-detection,0.0,"66.01,62.74,437.35,842.27",0 0.545944 0.441900 0.805520 0.761268,-2.7747,0.9448,0.9739,2.4776,13.9859,16.9102
train,images/train/low_conf_typical_12_27.jpg,labels/train/low_conf_typical_12_27.txt,12,D:\JLAO\uploads\frames\live-1b7df07d370d\phone-4a3318802e34.jpg,manual-no-detection,0.0,"10.03,18.85,440.59,873.95",0 0.488736 0.435936 0.933963 0.835057,-4.413,1.0668,1.0577,1.8689,-12.1154,17.6796
train,images/train/low_conf_typical_12_28.jpg,labels/train/low_conf_typical_12_28.txt,12,D:\JLAO\uploads\frames\live-1b7df07d370d\phone-4a3318802e34.jpg,manual-no-detection,0.0,"28.37,16.03,429.26,874.57",0 0.496349 0.434864 0.869599 0.838418,-5.173,1.0336,1.0558,-0.1738,-9.948,16.7382
train,images/train/low_conf_typical_12_29.jpg,labels/train/low_conf_typical_12_29.txt,12,D:\JLAO\uploads\frames\live-1b7df07d370d\phone-4a3318802e34.jpg,manual-no-detection,0.0,"60.96,28.39,403.42,805.52",0 0.503668 0.407180 0.742878 0.758917,3.7799,1.0151,0.9586,2.3139,-15.4175,-21.2409
train,images/train/low_conf_typical_12_30.jpg,labels/train/low_conf_typical_12_30.txt,12,D:\JLAO\uploads\frames\live-1b7df07d370d\phone-4a3318802e34.jpg,manual-no-detection,0.0,"43.05,8.48,460.00,835.64",0 0.545613 0.412166 0.904436 0.807771,4.6497,1.0662,1.0231,-3.4445,11.7155,-12.0917
train,images/train/low_conf_typical_12_31.jpg,labels/train/low_conf_typical_12_31.txt,12,D:\JLAO\uploads\frames\live-1b7df07d370d\phone-4a3318802e34.jpg,manual-no-detection,0.0,"43.71,43.24,420.55,830.85",0 0.503535 0.426801 0.817460 0.769158,0.6646,1.0391,0.9939,3.9796,-9.4622,2.4456
train,images/train/low_conf_typical_12_32.jpg,labels/train/low_conf_typical_12_32.txt,12,D:\JLAO\uploads\frames\live-1b7df07d370d\phone-4a3318802e34.jpg,manual-no-detection,0.0,"5.62,17.68,428.37,831.63",0 0.470706 0.414701 0.917028 0.794879,-5.4019,1.0232,1.0012,1.7156,-19.1036,-8.374
train,images/train/low_conf_typical_12_33.jpg,labels/train/low_conf_typical_12_33.txt,12,D:\JLAO\uploads\frames\live-1b7df07d370d\phone-4a3318802e34.jpg,manual-no-detection,0.0,"36.04,44.22,433.96,829.62",0 0.509767 0.426683 0.863162 0.766993,3.5294,0.9758,0.9774,-2.9661,-18.7414,-0.1317
train,images/train/low_conf_typical_12_34.jpg,labels/train/low_conf_typical_12_34.txt,12,D:\JLAO\uploads\frames\live-1b7df07d370d\phone-4a3318802e34.jpg,manual-no-detection,0.0,"92.63,0.00,398.17,841.10",0 0.532328 0.410692 0.662780 0.821385,2.4556,0.9549,1.0586,2.5391,0.7137,-12.8722
train,images/train/low_conf_typical_12_35.jpg,labels/train/low_conf_typical_12_35.txt,12,D:\JLAO\uploads\frames\live-1b7df07d370d\phone-4a3318802e34.jpg,manual-no-detection,0.0,"59.90,20.42,425.78,823.12",0 0.526762 0.411886 0.793675 0.783890,-4.8116,1.0298,0.9843,-1.9657,0.7589,-12.2053
train,images/train/low_conf_typical_12_36.jpg,labels/train/low_conf_typical_12_36.txt,12,D:\JLAO\uploads\frames\live-1b7df07d370d\phone-4a3318802e34.jpg,manual-no-detection,0.0,"61.03,42.56,398.83,830.53",0 0.498759 0.426314 0.732752 0.769502,-1.1184,1.0267,0.9919,-0.3609,-14.9471,2.2099
train,images/train/low_conf_typical_12_37.jpg,labels/train/low_conf_typical_12_37.txt,12,D:\JLAO\uploads\frames\live-1b7df07d370d\phone-4a3318802e34.jpg,manual-no-detection,0.0,"82.67,24.82,429.23,828.89",0 0.555203 0.416849 0.751761 0.785218,-3.6542,0.9519,0.9973,-0.4793,15.5077,-6.5622
train,images/train/low_conf_typical_12_38.jpg,labels/train/low_conf_typical_12_38.txt,12,D:\JLAO\uploads\frames\live-1b7df07d370d\phone-4a3318802e34.jpg,manual-no-detection,0.0,"38.36,19.90,440.20,851.56",0 0.519051 0.425514 0.871664 0.812169,3.5287,1.0164,1.0342,-1.9763,-14.1775,3.1346
train,images/train/low_conf_typical_12_39.jpg,labels/train/low_conf_typical_12_39.txt,12,D:\JLAO\uploads\frames\live-1b7df07d370d\phone-4a3318802e34.jpg,manual-no-detection,0.0,"56.99,0.00,399.74,817.83",0 0.495374 0.399331 0.743500 0.798663,-1.6941,0.9624,1.0436,0.8073,-13.0085,-27.7899
train,images/train/low_conf_typical_12_40.jpg,labels/train/low_conf_typical_12_40.txt,12,D:\JLAO\uploads\frames\live-1b7df07d370d\phone-4a3318802e34.jpg,manual-no-detection,0.0,"34.27,18.33,460.00,827.85",0 0.536080 0.413172 0.923502 0.790550,-3.2929,1.0247,1.0091,3.8898,11.2865,-9.7574
train,images/train/low_conf_typical_12_41.jpg,labels/train/low_conf_typical_12_41.txt,12,D:\JLAO\uploads\frames\live-1b7df07d370d\phone-4a3318802e34.jpg,manual-no-detection,0.0,"78.64,0.00,426.42,829.99",0 0.547785 0.405270 0.754398 0.810540,3.1105,1.0307,1.0351,1.7425,4.6634,-18.9193
train,images/train/low_conf_typical_12_42.jpg,labels/train/low_conf_typical_12_42.txt,12,D:\JLAO\uploads\frames\live-1b7df07d370d\phone-4a3318802e34.jpg,manual-no-detection,0.0,"94.70,0.00,439.47,827.29",0 0.579354 0.403952 0.747868 0.807903,3.3695,1.0121,1.0308,1.7855,19.2034,-20.8582
train,images/train/low_conf_typical_12_43.jpg,labels/train/low_conf_typical_12_43.txt,12,D:\JLAO\uploads\frames\live-1b7df07d370d\phone-4a3318802e34.jpg,manual-no-detection,0.0,"29.39,25.97,428.58,833.80",0 0.496711 0.419811 0.865933 0.788897,-2.3258,1.0097,1.0117,3.2336,-8.9923,-2.8299
train,images/train/low_conf_typical_12_44.jpg,labels/train/low_conf_typical_12_44.txt,12,D:\JLAO\uploads\frames\live-1b7df07d370d\phone-4a3318802e34.jpg,manual-no-detection,0.0,"91.94,62.06,434.37,857.36",0 0.570831 0.448933 0.742792 0.776661,0.2946,1.0513,1.0071,-0.2152,16.1845,26.1779
train,images/train/low_conf_typical_12_45.jpg,labels/train/low_conf_typical_12_45.txt,12,D:\JLAO\uploads\frames\live-1b7df07d370d\phone-4a3318802e34.jpg,manual-no-detection,0.0,"67.95,2.76,425.31,811.75",0 0.534990 0.397708 0.775169 0.790028,1.3218,0.9759,1.0186,-1.9711,-3.0703,-25.7182
train,images/train/low_conf_typical_12_46.jpg,labels/train/low_conf_typical_12_46.txt,12,D:\JLAO\uploads\frames\live-1b7df07d370d\phone-4a3318802e34.jpg,manual-no-detection,0.0,"53.85,30.51,394.97,846.53",0 0.486792 0.428240 0.739954 0.796894,-5.1194,0.9986,0.9982,-3.386,-18.649,5.8141
train,images/train/low_conf_typical_12_47.jpg,labels/train/low_conf_typical_12_47.txt,12,D:\JLAO\uploads\frames\live-1b7df07d370d\phone-4a3318802e34.jpg,manual-no-detection,0.0,"68.95,76.00,441.44,847.67",0 0.553571 0.451014 0.808006 0.753581,-5.4932,1.0301,0.9406,-1.9838,13.8091,24.5868
train,images/train/low_conf_typical_12_48.jpg,labels/train/low_conf_typical_12_48.txt,12,D:\JLAO\uploads\frames\live-1b7df07d370d\phone-4a3318802e34.jpg,manual-no-detection,0.0,"76.74,0.00,460.00,845.04",0 0.582147 0.412619 0.831367 0.825239,4.9682,1.0173,1.0604,0.7648,17.2571,-16.5555
train,images/train/low_conf_typical_12_49.jpg,labels/train/low_conf_typical_12_49.txt,12,D:\JLAO\uploads\frames\live-1b7df07d370d\phone-4a3318802e34.jpg,manual-no-detection,0.0,"2.05,17.59,429.84,853.12",0 0.468432 0.425152 0.927958 0.815947,-4.9509,1.008,1.033,2.626,-18.9799,4.6189
train,images/train/low_conf_typical_12_50.jpg,labels/train/low_conf_typical_12_50.txt,12,D:\JLAO\uploads\frames\live-1b7df07d370d\phone-4a3318802e34.jpg,manual-no-detection,0.0,"65.08,23.71,412.29,796.78",0 0.517757 0.400629 0.753178 0.754946,-1.5597,0.9428,0.9719,1.9259,-1.3387,-25.6599
train,images/train/low_conf_typical_12_51.jpg,labels/train/low_conf_typical_12_51.txt,12,D:\JLAO\uploads\frames\live-1b7df07d370d\phone-4a3318802e34.jpg,manual-no-detection,0.0,"81.61,60.30,435.17,830.43",0 0.560504 0.434926 0.766935 0.752072,3.8542,0.9827,0.9519,0.7386,9.1486,6.5178
train,images/train/low_conf_typical_12_52.jpg,labels/train/low_conf_typical_12_52.txt,12,D:\JLAO\uploads\frames\live-1b7df07d370d\phone-4a3318802e34.jpg,manual-no-detection,0.0,"68.91,25.09,433.70,806.68",0 0.545134 0.406135 0.791306 0.763276,5.1882,0.9642,0.9594,0.7528,0.6153,-22.8125
train,images/train/low_conf_typical_12_53.jpg,labels/train/low_conf_typical_12_53.txt,12,D:\JLAO\uploads\frames\live-1b7df07d370d\phone-4a3318802e34.jpg,manual-no-detection,0.0,"64.87,50.08,427.19,841.13",0 0.533684 0.435162 0.785943 0.772506,-4.1503,0.9922,0.9765,-0.6757,5.3012,10.7174
train,images/train/low_conf_typical_12_54.jpg,labels/train/low_conf_typical_12_54.txt,12,D:\JLAO\uploads\frames\live-1b7df07d370d\phone-4a3318802e34.jpg,manual-no-detection,0.0,"98.15,59.78,417.53,853.68",0 0.559314 0.446029 0.692799 0.775294,-1.0926,0.9651,0.9996,-1.9347,11.7239,23.0126
train,images/train/low_conf_typical_12_55.jpg,labels/train/low_conf_typical_12_55.txt,12,D:\JLAO\uploads\frames\live-1b7df07d370d\phone-4a3318802e34.jpg,manual-no-detection,0.0,"81.11,36.19,427.50,861.27",0 0.551638 0.438211 0.751403 0.805744,2.3012,1.0401,1.0301,1.2522,6.7443,16.4537
train,images/train/low_conf_typical_12_56.jpg,labels/train/low_conf_typical_12_56.txt,12,D:\JLAO\uploads\frames\live-1b7df07d370d\phone-4a3318802e34.jpg,manual-no-detection,0.0,"53.64,20.63,393.64,840.84",0 0.485118 0.420635 0.737532 0.800987,0.4371,0.9832,1.0376,2.2834,-18.9993,-0.4303
train,images/train/low_conf_typical_12_57.jpg,labels/train/low_conf_typical_12_57.txt,12,D:\JLAO\uploads\frames\live-1b7df07d370d\phone-4a3318802e34.jpg,manual-no-detection,0.0,"87.70,30.97,424.52,817.60",0 0.555553 0.414342 0.730618 0.768187,2.3301,1.0251,0.9801,3.0778,11.2456,-11.7911
val,images/val/low_conf_typical_12_58.jpg,labels/val/low_conf_typical_12_58.txt,12,D:\JLAO\uploads\frames\live-1b7df07d370d\phone-4a3318802e34.jpg,manual-no-detection,0.0,"83.93,42.54,431.21,809.92",0 0.558718 0.416242 0.753317 0.749393,2.3271,1.0505,0.9551,3.2728,12.5558,-11.7964
