id,split,source,source_index,variant,color,quality_score,visible_fraction,angle,blur,hand_occlusion,detection_overlay,bbox_xyxy,yolo_label,image,label,overlay
bangle_comp_001_1,train,bangle_gpt_001.png,1,1,lavender_purple,79.527,1.0,-28.746,0.0,none,red_orange,"[181, 634, 589, 936]",0 0.381944 0.438058 0.404762 0.168527,images/train/bangle_comp_001_1.jpg,labels/train/bangle_comp_001_1.txt,qa/overlays/train/bangle_comp_001_1.jpg
bangle_comp_001_2,train,bangle_gpt_001.png,1,2,black_ink,77.317,1.0,21.195,0.0,none,red_orange,"[328, 877, 656, 1080]",0 0.488095 0.546038 0.325397 0.113281,images/train/bangle_comp_001_2.jpg,labels/train/bangle_comp_001_2.txt,qa/overlays/train/bangle_comp_001_2.jpg
bangle_comp_002_1,train,bangle_gpt_002.png,2,1,icy_white,75.545,0.8623,30.94,0.0,left,none,"[442, 784, 827, 1103]",0 0.629464 0.526507 0.381944 0.178013,images/train/bangle_comp_002_1.jpg,labels/train/bangle_comp_002_1.txt,qa/overlays/train/bangle_comp_002_1.jpg
bangle_comp_002_2,train,bangle_gpt_002.png,2,2,blue_water,78.54,1.0,-20.26,0.716,none,red_orange,"[221, 670, 642, 970]",0 0.428075 0.457589 0.417659 0.167411,images/train/bangle_comp_002_2.jpg,labels/train/bangle_comp_002_2.txt,qa/overlays/train/bangle_comp_002_2.jpg
bangle_comp_003_1,test,bangle_gpt_003.png,3,1,bean_green,90.19,1.0,29.744,0.0,none,none,"[245, 640, 728, 1024]",0 0.482639 0.464286 0.479167 0.214286,images/test/bangle_comp_003_1.jpg,labels/test/bangle_comp_003_1.txt,qa/overlays/test/bangle_comp_003_1.jpg
bangle_comp_003_2,test,bangle_gpt_003.png,3,2,dark_green,84.385,1.0,12.631,1.155,left,red_orange,"[157, 550, 740, 947]",0 0.444940 0.417690 0.578373 0.221540,images/test/bangle_comp_003_2.jpg,labels/test/bangle_comp_003_2.txt,qa/overlays/test/bangle_comp_003_2.jpg
bangle_comp_004_1,test,bangle_gpt_004.png,4,1,white_green_flower,94.683,1.0,1.384,0.0,none,none,"[235, 834, 820, 1134]",0 0.523313 0.549107 0.580357 0.167411,images/test/bangle_comp_004_1.jpg,labels/test/bangle_comp_004_1.txt,qa/overlays/test/bangle_comp_004_1.jpg
bangle_comp_004_2,test,bangle_gpt_004.png,4,2,apple_green,80.647,1.0,0.464,0.0,none,red_orange,"[147, 943, 583, 1152]",0 0.362103 0.584542 0.432540 0.116629,images/test/bangle_comp_004_2.jpg,labels/test/bangle_comp_004_2.txt,qa/overlays/test/bangle_comp_004_2.jpg
bangle_comp_005_1,train,bangle_gpt_005.png,5,1,imperial_green,66.401,1.0,18.0,1.222,none,red_orange,"[250, 1013, 564, 1203]",0 0.403770 0.618304 0.311508 0.106027,images/train/bangle_comp_005_1.jpg,labels/train/bangle_comp_005_1.txt,qa/overlays/train/bangle_comp_005_1.jpg
bangle_comp_005_2,train,bangle_gpt_005.png,5,2,yellow_honey,68.766,1.0,14.661,0.901,left,none,"[207, 654, 527, 866]",0 0.364087 0.424107 0.317460 0.118304,images/train/bangle_comp_005_2.jpg,labels/train/bangle_comp_005_2.txt,qa/overlays/train/bangle_comp_005_2.jpg
bangle_comp_006_1,train,bangle_gpt_006.png,6,1,lavender_purple,77.212,1.0,-30.345,0.0,none,red_orange,"[420, 682, 792, 956]",0 0.601190 0.457031 0.369048 0.152902,images/train/bangle_comp_006_1.jpg,labels/train/bangle_comp_006_1.txt,qa/overlays/train/bangle_comp_006_1.jpg
bangle_comp_006_2,train,bangle_gpt_006.png,6,2,black_ink,67.228,1.0,-29.275,1.28,left,red_orange,"[327, 877, 608, 1106]",0 0.463790 0.553292 0.278770 0.127790,images/train/bangle_comp_006_2.jpg,labels/train/bangle_comp_006_2.txt,qa/overlays/train/bangle_comp_006_2.jpg
bangle_comp_007_1,test,bangle_gpt_007.png,7,1,icy_white,86.309,1.0,5.45,0.0,left,red_orange,"[271, 903, 725, 1162]",0 0.494048 0.576172 0.450397 0.144531,images/test/bangle_comp_007_1.jpg,labels/test/bangle_comp_007_1.txt,qa/overlays/test/bangle_comp_007_1.jpg
bangle_comp_007_2,test,bangle_gpt_007.png,7,2,blue_water,85.562,0.9995,-29.657,0.0,left,red_orange,"[190, 792, 630, 1144]",0 0.406746 0.540179 0.436508 0.196429,images/test/bangle_comp_007_2.jpg,labels/test/bangle_comp_007_2.txt,qa/overlays/test/bangle_comp_007_2.jpg
bangle_comp_008_1,val,bangle_gpt_008.png,8,1,bean_green,88.469,1.0,17.98,0.0,bottom,none,"[174, 776, 674, 1093]",0 0.420635 0.521484 0.496032 0.176897,images/val/bangle_comp_008_1.jpg,labels/val/bangle_comp_008_1.txt,qa/overlays/val/bangle_comp_008_1.jpg
bangle_comp_008_2,val,bangle_gpt_008.png,8,2,dark_green,80.286,1.0,11.466,0.0,none,none,"[310, 731, 685, 949]",0 0.493552 0.468750 0.372024 0.121652,images/val/bangle_comp_008_2.jpg,labels/val/bangle_comp_008_2.txt,qa/overlays/val/bangle_comp_008_2.jpg
bangle_comp_009_1,train,bangle_gpt_009.png,9,1,white_green_flower,90.36,1.0,-7.102,0.0,none,red_orange,"[316, 803, 802, 1119]",0 0.554563 0.536272 0.482143 0.176339,images/train/bangle_comp_009_1.jpg,labels/train/bangle_comp_009_1.txt,qa/overlays/train/bangle_comp_009_1.jpg
bangle_comp_009_2,train,bangle_gpt_009.png,9,2,apple_green,76.083,1.0,-29.327,0.0,none,none,"[297, 688, 612, 951]",0 0.450893 0.457310 0.312500 0.146763,images/train/bangle_comp_009_2.jpg,labels/train/bangle_comp_009_2.txt,qa/overlays/train/bangle_comp_009_2.jpg
bangle_comp_010_1,train,bangle_gpt_010.png,10,1,imperial_green,68.813,1.0,12.324,1.133,right,red_orange,"[450, 637, 778, 857]",0 0.609127 0.416853 0.325397 0.122768,images/train/bangle_comp_010_1.jpg,labels/train/bangle_comp_010_1.txt,qa/overlays/train/bangle_comp_010_1.jpg
bangle_comp_010_2,train,bangle_gpt_010.png,10,2,yellow_honey,89.068,1.0,30.866,0.0,bottom,none,"[357, 858, 885, 1275]",0 0.616071 0.595145 0.523810 0.232701,images/train/bangle_comp_010_2.jpg,labels/train/bangle_comp_010_2.txt,qa/overlays/train/bangle_comp_010_2.jpg
bangle_comp_011_1,train,bangle_gpt_011.png,11,1,lavender_purple,90.705,1.0,31.139,0.0,left,red_orange,"[311, 637, 836, 1019]",0 0.568948 0.462054 0.520833 0.213170,images/train/bangle_comp_011_1.jpg,labels/train/bangle_comp_011_1.txt,qa/overlays/train/bangle_comp_011_1.jpg
bangle_comp_011_2,train,bangle_gpt_011.png,11,2,black_ink,70.968,1.0,-28.299,1.391,right,none,"[409, 888, 791, 1177]",0 0.595238 0.576172 0.378968 0.161272,images/train/bangle_comp_011_2.jpg,labels/train/bangle_comp_011_2.txt,qa/overlays/train/bangle_comp_011_2.jpg
bangle_comp_012_1,train,bangle_gpt_012.png,12,1,icy_white,82.581,0.9924,-29.485,1.06,bottom,red_orange,"[145, 537, 647, 937]",0 0.392857 0.411272 0.498016 0.223214,images/train/bangle_comp_012_1.jpg,labels/train/bangle_comp_012_1.txt,qa/overlays/train/bangle_comp_012_1.jpg
bangle_comp_012_2,train,bangle_gpt_012.png,12,2,blue_water,79.978,1.0,27.285,0.0,none,red_orange,"[267, 973, 667, 1249]",0 0.463294 0.619978 0.396825 0.154018,images/train/bangle_comp_012_2.jpg,labels/train/bangle_comp_012_2.txt,qa/overlays/train/bangle_comp_012_2.jpg
bangle_comp_013_1,train,bangle_gpt_013.png,13,1,bean_green,72.349,0.8843,-27.317,0.0,right,red_orange,"[335, 938, 652, 1174]",0 0.489583 0.589286 0.314484 0.131696,images/train/bangle_comp_013_1.jpg,labels/train/bangle_comp_013_1.txt,qa/overlays/train/bangle_comp_013_1.jpg
bangle_comp_013_2,train,bangle_gpt_013.png,13,2,dark_green,77.346,0.9998,-19.86,0.0,right,none,"[445, 754, 820, 991]",0 0.627480 0.486886 0.372024 0.132254,images/train/bangle_comp_013_2.jpg,labels/train/bangle_comp_013_2.txt,qa/overlays/train/bangle_comp_013_2.jpg
bangle_comp_014_1,train,bangle_gpt_014.png,14,1,white_green_flower,79.765,1.0,-10.023,0.0,none,none,"[320, 964, 653, 1203]",0 0.482639 0.604632 0.330357 0.133371,images/train/bangle_comp_014_1.jpg,labels/train/bangle_comp_014_1.txt,qa/overlays/train/bangle_comp_014_1.jpg
bangle_comp_014_2,train,bangle_gpt_014.png,14,2,apple_green,83.189,0.9645,-30.33,0.795,left,red_orange,"[295, 652, 779, 1026]",0 0.532738 0.468192 0.480159 0.208705,images/train/bangle_comp_014_2.jpg,labels/train/bangle_comp_014_2.txt,qa/overlays/train/bangle_comp_014_2.jpg
bangle_comp_015_1,test,bangle_gpt_015.png,15,1,imperial_green,83.527,1.0,13.942,0.356,none,red_orange,"[312, 613, 775, 912]",0 0.539187 0.425502 0.459325 0.166853,images/test/bangle_comp_015_1.jpg,labels/test/bangle_comp_015_1.txt,qa/overlays/test/bangle_comp_015_1.jpg
bangle_comp_015_2,test,bangle_gpt_015.png,15,2,yellow_honey,91.581,1.0,4.99,0.38,right,red_orange,"[63, 642, 698, 982]",0 0.377480 0.453125 0.629960 0.189732,images/test/bangle_comp_015_2.jpg,labels/test/bangle_comp_015_2.txt,qa/overlays/test/bangle_comp_015_2.jpg
bangle_comp_016_1,val,bangle_gpt_016.png,16,1,lavender_purple,86.145,1.0,-17.043,1.027,none,red_orange,"[115, 652, 681, 1005]",0 0.394841 0.462333 0.561508 0.196987,images/val/bangle_comp_016_1.jpg,labels/val/bangle_comp_016_1.txt,qa/overlays/val/bangle_comp_016_1.jpg
bangle_comp_016_2,val,bangle_gpt_016.png,16,2,black_ink,82.629,0.9949,33.232,1.001,bottom,red_orange,"[208, 673, 747, 1117]",0 0.473710 0.499442 0.534722 0.247768,images/val/bangle_comp_016_2.jpg,labels/val/bangle_comp_016_2.txt,qa/overlays/val/bangle_comp_016_2.jpg
bangle_comp_017_1,train,bangle_gpt_017.png,17,1,icy_white,77.956,1.0,-28.134,0.0,left,none,"[186, 623, 574, 913]",0 0.376984 0.428571 0.384921 0.161830,images/train/bangle_comp_017_1.jpg,labels/train/bangle_comp_017_1.txt,qa/overlays/train/bangle_comp_017_1.jpg
bangle_comp_017_2,train,bangle_gpt_017.png,17,2,blue_water,81.046,1.0,-26.694,0.0,none,red_orange,"[341, 766, 733, 1041]",0 0.532738 0.504185 0.388889 0.153460,images/train/bangle_comp_017_2.jpg,labels/train/bangle_comp_017_2.txt,qa/overlays/train/bangle_comp_017_2.jpg
bangle_comp_018_1,train,bangle_gpt_018.png,18,1,bean_green,78.559,0.8713,-27.38,0.0,left,red_orange,"[229, 671, 651, 994]",0 0.436508 0.464565 0.418651 0.180246,images/train/bangle_comp_018_1.jpg,labels/train/bangle_comp_018_1.txt,qa/overlays/train/bangle_comp_018_1.jpg
bangle_comp_018_2,train,bangle_gpt_018.png,18,2,dark_green,85.758,1.0,-1.751,0.0,none,red_orange,"[235, 985, 677, 1263]",0 0.452381 0.627232 0.438492 0.155134,images/train/bangle_comp_018_2.jpg,labels/train/bangle_comp_018_2.txt,qa/overlays/train/bangle_comp_018_2.jpg
bangle_comp_019_1,train,bangle_gpt_019.png,19,1,white_green_flower,76.931,1.0,13.881,0.0,right,red_orange,"[270, 788, 604, 985]",0 0.433532 0.494699 0.331349 0.109933,images/train/bangle_comp_019_1.jpg,labels/train/bangle_comp_019_1.txt,qa/overlays/train/bangle_comp_019_1.jpg
bangle_comp_019_2,train,bangle_gpt_019.png,19,2,apple_green,76.567,1.0,-3.91,0.0,none,red_orange,"[419, 648, 765, 835]",0 0.587302 0.413783 0.343254 0.104353,images/train/bangle_comp_019_2.jpg,labels/train/bangle_comp_019_2.txt,qa/overlays/train/bangle_comp_019_2.jpg
bangle_comp_020_1,train,bangle_gpt_020.png,20,1,imperial_green,76.356,1.0,23.617,0.0,none,red_orange,"[379, 987, 694, 1230]",0 0.532242 0.618583 0.312500 0.135603,images/train/bangle_comp_020_1.jpg,labels/train/bangle_comp_020_1.txt,qa/overlays/train/bangle_comp_020_1.jpg
bangle_comp_020_2,train,bangle_gpt_020.png,20,2,yellow_honey,73.438,1.0,-29.853,0.0,none,red_orange,"[365, 753, 636, 948]",0 0.496528 0.474609 0.268849 0.108817,images/train/bangle_comp_020_2.jpg,labels/train/bangle_comp_020_2.txt,qa/overlays/train/bangle_comp_020_2.jpg
bangle_comp_021_1,train,bangle_gpt_021.png,21,1,lavender_purple,89.079,0.9685,10.824,0.0,bottom,red_orange,"[137, 854, 649, 1190]",0 0.389881 0.570312 0.507937 0.187500,images/train/bangle_comp_021_1.jpg,labels/train/bangle_comp_021_1.txt,qa/overlays/train/bangle_comp_021_1.jpg
bangle_comp_021_2,train,bangle_gpt_021.png,21,2,black_ink,77.84,1.0,10.125,0.429,right,red_orange,"[257, 723, 626, 967]",0 0.437996 0.471540 0.366071 0.136161,images/train/bangle_comp_021_2.jpg,labels/train/bangle_comp_021_2.txt,qa/overlays/train/bangle_comp_021_2.jpg
bangle_comp_022_1,test,bangle_gpt_022.png,22,1,icy_white,83.503,0.9429,-29.624,0.0,left,none,"[319, 686, 891, 1137]",0 0.600198 0.508650 0.567460 0.251674,images/test/bangle_comp_022_1.jpg,labels/test/bangle_comp_022_1.txt,qa/overlays/test/bangle_comp_022_1.jpg
bangle_comp_022_2,test,bangle_gpt_022.png,22,2,blue_water,94.832,1.0,1.36,0.0,none,none,"[361, 780, 928, 1122]",0 0.639385 0.530692 0.562500 0.190848,images/test/bangle_comp_022_2.jpg,labels/test/bangle_comp_022_2.txt,qa/overlays/test/bangle_comp_022_2.jpg
bangle_comp_023_1,test,bangle_gpt_023.png,23,1,bean_green,78.34,0.9741,-11.189,0.388,left,none,"[204, 804, 606, 1053]",0 0.401786 0.518136 0.398810 0.138951,images/test/bangle_comp_023_1.jpg,labels/test/bangle_comp_023_1.txt,qa/overlays/test/bangle_comp_023_1.jpg
bangle_comp_023_2,test,bangle_gpt_023.png,23,2,dark_green,94.262,1.0,4.644,0.0,right,none,"[287, 571, 836, 928]",0 0.557044 0.418248 0.544643 0.199219,images/test/bangle_comp_023_2.jpg,labels/test/bangle_comp_023_2.txt,qa/overlays/test/bangle_comp_023_2.jpg
bangle_comp_024_1,test,bangle_gpt_024.png,24,1,white_green_flower,83.705,1.0,-16.379,0.0,none,red_orange,"[313, 643, 782, 912]",0 0.543155 0.433873 0.465278 0.150112,images/test/bangle_comp_024_1.jpg,labels/test/bangle_comp_024_1.txt,qa/overlays/test/bangle_comp_024_1.jpg
bangle_comp_024_2,test,bangle_gpt_024.png,24,2,apple_green,87.642,0.9372,10.014,0.768,left,red_orange,"[297, 651, 911, 991]",0 0.599206 0.458147 0.609127 0.189732,images/test/bangle_comp_024_2.jpg,labels/test/bangle_comp_024_2.txt,qa/overlays/test/bangle_comp_024_2.jpg
bangle_comp_025_1,test,bangle_gpt_025.png,25,1,imperial_green,87.335,0.9541,-32.62,0.0,left,none,"[174, 654, 694, 1096]",0 0.430556 0.488281 0.515873 0.246652,images/test/bangle_comp_025_1.jpg,labels/test/bangle_comp_025_1.txt,qa/overlays/test/bangle_comp_025_1.jpg
bangle_comp_025_2,test,bangle_gpt_025.png,25,2,yellow_honey,83.314,1.0,9.638,1.249,none,none,"[249, 613, 800, 919]",0 0.520337 0.427455 0.546627 0.170759,images/test/bangle_comp_025_2.jpg,labels/test/bangle_comp_025_2.txt,qa/overlays/test/bangle_comp_025_2.jpg
bangle_comp_026_1,train,bangle_gpt_026.png,26,1,lavender_purple,74.951,1.0,18.537,0.0,none,none,"[409, 753, 722, 942]",0 0.561012 0.472935 0.310516 0.105469,images/train/bangle_comp_026_1.jpg,labels/train/bangle_comp_026_1.txt,qa/overlays/train/bangle_comp_026_1.jpg
bangle_comp_026_2,train,bangle_gpt_026.png,26,2,black_ink,83.418,1.0,-7.678,0.874,none,red_orange,"[133, 611, 704, 894]",0 0.415179 0.419922 0.566468 0.157924,images/train/bangle_comp_026_2.jpg,labels/train/bangle_comp_026_2.txt,qa/overlays/train/bangle_comp_026_2.jpg
bangle_comp_027_1,train,bangle_gpt_027.png,27,1,icy_white,83.308,1.0,17.371,1.006,none,none,"[294, 703, 925, 1089]",0 0.604663 0.500000 0.625992 0.215402,images/train/bangle_comp_027_1.jpg,labels/train/bangle_comp_027_1.txt,qa/overlays/train/bangle_comp_027_1.jpg
bangle_comp_027_2,train,bangle_gpt_027.png,27,2,blue_water,71.576,1.0,-19.4,1.215,none,red_orange,"[361, 931, 728, 1167]",0 0.540179 0.585379 0.364087 0.131696,images/train/bangle_comp_027_2.jpg,labels/train/bangle_comp_027_2.txt,qa/overlays/train/bangle_comp_027_2.jpg
bangle_comp_028_1,val,bangle_gpt_028.png,28,1,bean_green,81.212,1.0,29.672,1.244,none,none,"[353, 894, 836, 1283]",0 0.589782 0.607422 0.479167 0.217076,images/val/bangle_comp_028_1.jpg,labels/val/bangle_comp_028_1.txt,qa/overlays/val/bangle_comp_028_1.jpg
bangle_comp_028_2,val,bangle_gpt_028.png,28,2,dark_green,83.52,0.9771,-13.817,0.69,left,none,"[352, 758, 890, 1058]",0 0.616071 0.506696 0.533730 0.167411,images/val/bangle_comp_028_2.jpg,labels/val/bangle_comp_028_2.txt,qa/overlays/val/bangle_comp_028_2.jpg
bangle_comp_029_1,train,bangle_gpt_029.png,29,1,white_green_flower,83.678,1.0,23.96,0.0,bottom,red_orange,"[308, 886, 715, 1189]",0 0.507440 0.578962 0.403770 0.169085,images/train/bangle_comp_029_1.jpg,labels/train/bangle_comp_029_1.txt,qa/overlays/train/bangle_comp_029_1.jpg
bangle_comp_029_2,train,bangle_gpt_029.png,29,2,apple_green,80.387,1.0,33.137,0.0,none,red_orange,"[438, 644, 847, 979]",0 0.637401 0.452846 0.405754 0.186942,images/train/bangle_comp_029_2.jpg,labels/train/bangle_comp_029_2.txt,qa/overlays/train/bangle_comp_029_2.jpg
bangle_comp_030_1,train,bangle_gpt_030.png,30,1,imperial_green,79.409,1.0,25.335,0.0,bottom,red_orange,"[299, 797, 669, 1040]",0 0.480159 0.512556 0.367063 0.135603,images/train/bangle_comp_030_1.jpg,labels/train/bangle_comp_030_1.txt,qa/overlays/train/bangle_comp_030_1.jpg
bangle_comp_030_2,train,bangle_gpt_030.png,30,2,yellow_honey,73.941,1.0,-20.288,1.642,none,none,"[265, 688, 715, 962]",0 0.486111 0.460379 0.446429 0.152902,images/train/bangle_comp_030_2.jpg,labels/train/bangle_comp_030_2.txt,qa/overlays/train/bangle_comp_030_2.jpg
bangle_comp_031_1,train,bangle_gpt_031.png,31,1,lavender_purple,75.327,1.0,-20.628,0.0,bottom,red_orange,"[237, 723, 552, 957]",0 0.391369 0.468750 0.312500 0.130580,images/train/bangle_comp_031_1.jpg,labels/train/bangle_comp_031_1.txt,qa/overlays/train/bangle_comp_031_1.jpg
bangle_comp_031_2,train,bangle_gpt_031.png,31,2,black_ink,85.629,1.0,-13.409,0.476,bottom,none,"[316, 672, 869, 967]",0 0.587798 0.457310 0.548611 0.164621,images/train/bangle_comp_031_2.jpg,labels/train/bangle_comp_031_2.txt,qa/overlays/train/bangle_comp_031_2.jpg
bangle_comp_032_1,val,bangle_gpt_032.png,32,1,icy_white,86.548,1.0,-11.178,0.501,none,red_orange,"[67, 675, 685, 1071]",0 0.373016 0.487165 0.613095 0.220982,images/val/bangle_comp_032_1.jpg,labels/val/bangle_comp_032_1.txt,qa/overlays/val/bangle_comp_032_1.jpg
bangle_comp_032_2,val,bangle_gpt_032.png,32,2,blue_water,81.627,0.9425,-24.75,0.0,left,red_orange,"[374, 602, 807, 938]",0 0.585813 0.429688 0.429563 0.187500,images/val/bangle_comp_032_2.jpg,labels/val/bangle_comp_032_2.txt,qa/overlays/val/bangle_comp_032_2.jpg
bangle_comp_033_1,test,bangle_gpt_033.png,33,1,bean_green,90.39,1.0,-9.564,0.0,none,none,"[158, 872, 786, 1275]",0 0.468254 0.599051 0.623016 0.224888,images/test/bangle_comp_033_1.jpg,labels/test/bangle_comp_033_1.txt,qa/overlays/test/bangle_comp_033_1.jpg
bangle_comp_033_2,test,bangle_gpt_033.png,33,2,dark_green,87.899,1.0,-27.945,0.0,none,none,"[282, 908, 746, 1265]",0 0.509921 0.606306 0.460317 0.199219,images/test/bangle_comp_033_2.jpg,labels/test/bangle_comp_033_2.txt,qa/overlays/test/bangle_comp_033_2.jpg
bangle_comp_034_1,train,bangle_gpt_034.png,34,1,white_green_flower,74.204,1.0,-20.882,0.661,none,red_orange,"[362, 971, 717, 1213]",0 0.535218 0.609375 0.352183 0.135045,images/train/bangle_comp_034_1.jpg,labels/train/bangle_comp_034_1.txt,qa/overlays/train/bangle_comp_034_1.jpg
bangle_comp_034_2,train,bangle_gpt_034.png,34,2,apple_green,79.237,1.0,7.436,0.0,bottom,none,"[403, 988, 786, 1212]",0 0.589782 0.613839 0.379960 0.125000,images/train/bangle_comp_034_2.jpg,labels/train/bangle_comp_034_2.txt,qa/overlays/train/bangle_comp_034_2.jpg
bangle_comp_035_1,test,bangle_gpt_035.png,35,1,imperial_green,96.435,1.0,-0.818,0.0,none,none,"[185, 604, 724, 980]",0 0.450893 0.441964 0.534722 0.209821,images/test/bangle_comp_035_1.jpg,labels/test/bangle_comp_035_1.txt,qa/overlays/test/bangle_comp_035_1.jpg
bangle_comp_035_2,test,bangle_gpt_035.png,35,2,yellow_honey,78.766,0.8878,-13.801,0.0,bottom,red_orange,"[271, 932, 705, 1175]",0 0.484127 0.587891 0.430556 0.135603,images/test/bangle_comp_035_2.jpg,labels/test/bangle_comp_035_2.txt,qa/overlays/test/bangle_comp_035_2.jpg
bangle_comp_036_1,train,bangle_gpt_036.png,36,1,lavender_purple,88.866,1.0,-14.42,0.0,right,red_orange,"[156, 896, 682, 1209]",0 0.415675 0.587333 0.521825 0.174665,images/train/bangle_comp_036_1.jpg,labels/train/bangle_comp_036_1.txt,qa/overlays/train/bangle_comp_036_1.jpg
bangle_comp_036_2,train,bangle_gpt_036.png,36,2,black_ink,72.339,0.8037,5.983,0.0,left,red_orange,"[443, 852, 774, 1084]",0 0.603671 0.540179 0.328373 0.129464,images/train/bangle_comp_036_2.jpg,labels/train/bangle_comp_036_2.txt,qa/overlays/train/bangle_comp_036_2.jpg
bangle_comp_037_1,train,bangle_gpt_037.png,37,1,icy_white,71.72,1.0,-25.506,1.248,none,red_orange,"[233, 835, 606, 1099]",0 0.416171 0.539621 0.370040 0.147321,images/train/bangle_comp_037_1.jpg,labels/train/bangle_comp_037_1.txt,qa/overlays/train/bangle_comp_037_1.jpg
bangle_comp_037_2,train,bangle_gpt_037.png,37,2,blue_water,76.445,1.0,-16.669,0.589,none,red_orange,"[373, 810, 767, 1038]",0 0.565476 0.515625 0.390873 0.127232,images/train/bangle_comp_037_2.jpg,labels/train/bangle_comp_037_2.txt,qa/overlays/train/bangle_comp_037_2.jpg
bangle_comp_038_1,train,bangle_gpt_038.png,38,1,bean_green,70.811,1.0,-18.763,1.297,bottom,red_orange,"[277, 920, 626, 1164]",0 0.447917 0.581473 0.346230 0.136161,images/train/bangle_comp_038_1.jpg,labels/train/bangle_comp_038_1.txt,qa/overlays/train/bangle_comp_038_1.jpg
bangle_comp_038_2,train,bangle_gpt_038.png,38,2,dark_green,81.134,1.0,-3.296,0.0,none,red_orange,"[408, 989, 817, 1230]",0 0.607639 0.619141 0.405754 0.134487,images/train/bangle_comp_038_2.jpg,labels/train/bangle_comp_038_2.txt,qa/overlays/train/bangle_comp_038_2.jpg
bangle_comp_039_1,train,bangle_gpt_039.png,39,1,white_green_flower,88.623,1.0,4.913,0.0,none,none,"[373, 670, 896, 975]",0 0.629464 0.458984 0.518849 0.170201,images/train/bangle_comp_039_1.jpg,labels/train/bangle_comp_039_1.txt,qa/overlays/train/bangle_comp_039_1.jpg
bangle_comp_039_2,train,bangle_gpt_039.png,39,2,apple_green,78.183,1.0,-30.856,0.0,left,red_orange,"[316, 936, 659, 1213]",0 0.483631 0.599609 0.340278 0.154576,images/train/bangle_comp_039_2.jpg,labels/train/bangle_comp_039_2.txt,qa/overlays/train/bangle_comp_039_2.jpg
bangle_comp_040_1,test,bangle_gpt_040.png,40,1,imperial_green,86.869,1.0,29.318,0.0,none,red_orange,"[181, 881, 648, 1248]",0 0.411210 0.594029 0.463294 0.204799,images/test/bangle_comp_040_1.jpg,labels/test/bangle_comp_040_1.txt,qa/overlays/test/bangle_comp_040_1.jpg
bangle_comp_040_2,test,bangle_gpt_040.png,40,2,yellow_honey,93.779,1.0,13.51,0.0,none,none,"[234, 839, 766, 1185]",0 0.496032 0.564732 0.527778 0.193080,images/test/bangle_comp_040_2.jpg,labels/test/bangle_comp_040_2.txt,qa/overlays/test/bangle_comp_040_2.jpg
bangle_comp_041_1,test,bangle_gpt_041.png,41,1,lavender_purple,90.798,1.0,6.769,0.0,none,none,"[195, 774, 685, 1097]",0 0.436508 0.522042 0.486111 0.180246,images/test/bangle_comp_041_1.jpg,labels/test/bangle_comp_041_1.txt,qa/overlays/test/bangle_comp_041_1.jpg
bangle_comp_041_2,test,bangle_gpt_041.png,41,2,black_ink,83.41,1.0,33.297,0.0,none,red_orange,"[303, 744, 708, 1064]",0 0.501488 0.504464 0.401786 0.178571,images/test/bangle_comp_041_2.jpg,labels/test/bangle_comp_041_2.txt,qa/overlays/test/bangle_comp_041_2.jpg
bangle_comp_042_1,train,bangle_gpt_042.png,42,1,icy_white,71.747,1.0,9.928,1.637,none,red_orange,"[392, 725, 871, 955]",0 0.626488 0.468750 0.475198 0.128348,images/train/bangle_comp_042_1.jpg,labels/train/bangle_comp_042_1.txt,qa/overlays/train/bangle_comp_042_1.jpg
bangle_comp_042_2,train,bangle_gpt_042.png,42,2,blue_water,87.142,1.0,21.921,0.0,bottom,none,"[380, 656, 855, 1009]",0 0.612599 0.464565 0.471230 0.196987,images/train/bangle_comp_042_2.jpg,labels/train/bangle_comp_042_2.txt,qa/overlays/train/bangle_comp_042_2.jpg
bangle_comp_043_1,train,bangle_gpt_043.png,43,1,bean_green,77.928,1.0,28.335,0.0,none,none,"[444, 882, 812, 1164]",0 0.623016 0.570871 0.365079 0.157366,images/train/bangle_comp_043_1.jpg,labels/train/bangle_comp_043_1.txt,qa/overlays/train/bangle_comp_043_1.jpg
bangle_comp_043_2,train,bangle_gpt_043.png,43,2,dark_green,80.162,1.0,-33.745,0.411,none,none,"[371, 895, 782, 1241]",0 0.571925 0.595982 0.407738 0.193080,images/train/bangle_comp_043_2.jpg,labels/train/bangle_comp_043_2.txt,qa/overlays/train/bangle_comp_043_2.jpg
bangle_comp_044_1,train,bangle_gpt_044.png,44,1,white_green_flower,75.71,0.84,2.549,0.959,left,red_orange,"[342, 878, 852, 1140]",0 0.592262 0.563058 0.505952 0.146205,images/train/bangle_comp_044_1.jpg,labels/train/bangle_comp_044_1.txt,qa/overlays/train/bangle_comp_044_1.jpg
bangle_comp_044_2,train,bangle_gpt_044.png,44,2,apple_green,68.279,1.0,-20.778,1.404,none,none,"[460, 830, 799, 1062]",0 0.624504 0.527902 0.336310 0.129464,images/train/bangle_comp_044_2.jpg,labels/train/bangle_comp_044_2.txt,qa/overlays/train/bangle_comp_044_2.jpg
bangle_comp_045_1,test,bangle_gpt_045.png,45,1,imperial_green,87.131,1.0,-16.777,0.0,right,red_orange,"[345, 934, 885, 1233]",0 0.610119 0.604632 0.535714 0.166853,images/test/bangle_comp_045_1.jpg,labels/test/bangle_comp_045_1.txt,qa/overlays/test/bangle_comp_045_1.jpg
bangle_comp_045_2,test,bangle_gpt_045.png,45,2,yellow_honey,82.799,1.0,-21.667,0.0,right,red_orange,"[215, 824, 646, 1099]",0 0.427083 0.536551 0.427579 0.153460,images/test/bangle_comp_045_2.jpg,labels/test/bangle_comp_045_2.txt,qa/overlays/test/bangle_comp_045_2.jpg
bangle_comp_046_1,train,bangle_gpt_046.png,46,1,lavender_purple,73.637,0.9075,8.319,0.554,bottom,red_orange,"[399, 872, 758, 1104]",0 0.573909 0.551339 0.356151 0.129464,images/train/bangle_comp_046_1.jpg,labels/train/bangle_comp_046_1.txt,qa/overlays/train/bangle_comp_046_1.jpg
bangle_comp_046_2,train,bangle_gpt_046.png,46,2,black_ink,68.398,0.9448,-31.823,0.0,bottom,red_orange,"[226, 718, 504, 925]",0 0.362103 0.458426 0.275794 0.115513,images/train/bangle_comp_046_2.jpg,labels/train/bangle_comp_046_2.txt,qa/overlays/train/bangle_comp_046_2.jpg
bangle_comp_047_1,train,bangle_gpt_047.png,47,1,icy_white,85.914,1.0,11.576,0.0,bottom,none,"[176, 893, 624, 1208]",0 0.396825 0.586217 0.444444 0.175781,images/train/bangle_comp_047_1.jpg,labels/train/bangle_comp_047_1.txt,qa/overlays/train/bangle_comp_047_1.jpg
bangle_comp_047_2,train,bangle_gpt_047.png,47,2,blue_water,68.186,0.8458,12.161,0.72,right,none,"[418, 660, 779, 897]",0 0.593750 0.434431 0.358135 0.132254,images/train/bangle_comp_047_2.jpg,labels/train/bangle_comp_047_2.txt,qa/overlays/train/bangle_comp_047_2.jpg
bangle_comp_048_1,train,bangle_gpt_048.png,48,1,bean_green,79.571,1.0,-6.352,0.0,none,none,"[302, 1017, 655, 1238]",0 0.474702 0.629185 0.350198 0.123326,images/train/bangle_comp_048_1.jpg,labels/train/bangle_comp_048_1.txt,qa/overlays/train/bangle_comp_048_1.jpg
bangle_comp_048_2,train,bangle_gpt_048.png,48,2,dark_green,78.05,1.0,-8.223,0.0,left,red_orange,"[201, 694, 596, 898]",0 0.395337 0.444196 0.391865 0.113839,images/train/bangle_comp_048_2.jpg,labels/train/bangle_comp_048_2.txt,qa/overlays/train/bangle_comp_048_2.jpg
bangle_comp_049_1,train,bangle_gpt_049.png,49,1,white_green_flower,90.374,1.0,20.465,0.0,none,red_orange,"[333, 603, 893, 950]",0 0.608135 0.433315 0.555556 0.193638,images/train/bangle_comp_049_1.jpg,labels/train/bangle_comp_049_1.txt,qa/overlays/train/bangle_comp_049_1.jpg
bangle_comp_049_2,train,bangle_gpt_049.png,49,2,apple_green,74.468,1.0,-4.82,1.367,none,none,"[281, 627, 709, 859]",0 0.491071 0.414621 0.424603 0.129464,images/train/bangle_comp_049_2.jpg,labels/train/bangle_comp_049_2.txt,qa/overlays/train/bangle_comp_049_2.jpg
bangle_comp_050_1,train,bangle_gpt_050.png,50,1,imperial_green,87.666,0.9813,19.992,0.855,bottom,red_orange,"[212, 550, 737, 943]",0 0.470734 0.416574 0.520833 0.219308,images/train/bangle_comp_050_1.jpg,labels/train/bangle_comp_050_1.txt,qa/overlays/train/bangle_comp_050_1.jpg
bangle_comp_050_2,train,bangle_gpt_050.png,50,2,yellow_honey,72.007,0.9347,33.568,0.505,left,none,"[435, 862, 791, 1151]",0 0.608135 0.561663 0.353175 0.161272,images/train/bangle_comp_050_2.jpg,labels/train/bangle_comp_050_2.txt,qa/overlays/train/bangle_comp_050_2.jpg
bangle_comp_051_1,train,bangle_gpt_051.png,51,1,lavender_purple,77.576,1.0,-30.239,0.0,none,none,"[222, 843, 583, 1109]",0 0.399306 0.544643 0.358135 0.148438,images/train/bangle_comp_051_1.jpg,labels/train/bangle_comp_051_1.txt,qa/overlays/train/bangle_comp_051_1.jpg
bangle_comp_051_2,train,bangle_gpt_051.png,51,2,black_ink,87.952,1.0,0.847,0.0,none,red_orange,"[169, 932, 696, 1193]",0 0.429067 0.592913 0.522817 0.145647,images/train/bangle_comp_051_2.jpg,labels/train/bangle_comp_051_2.txt,qa/overlays/train/bangle_comp_051_2.jpg
bangle_comp_052_1,test,bangle_gpt_052.png,52,1,icy_white,88.852,1.0,-30.436,0.0,bottom,none,"[158, 872, 661, 1247]",0 0.406250 0.591239 0.499008 0.209263,images/test/bangle_comp_052_1.jpg,labels/test/bangle_comp_052_1.txt,qa/overlays/test/bangle_comp_052_1.jpg
bangle_comp_052_2,test,bangle_gpt_052.png,52,2,blue_water,82.782,1.0,21.976,0.0,bottom,none,"[224, 801, 628, 1095]",0 0.422619 0.529018 0.400794 0.164062,images/test/bangle_comp_052_2.jpg,labels/test/bangle_comp_052_2.txt,qa/overlays/test/bangle_comp_052_2.jpg
bangle_comp_053_1,train,bangle_gpt_053.png,53,1,bean_green,94.274,1.0,-2.567,0.0,left,none,"[284, 690, 863, 1013]",0 0.568948 0.475167 0.574405 0.180246,images/train/bangle_comp_053_1.jpg,labels/train/bangle_comp_053_1.txt,qa/overlays/train/bangle_comp_053_1.jpg
bangle_comp_053_2,train,bangle_gpt_053.png,53,2,dark_green,73.786,1.0,21.207,0.667,none,red_orange,"[272, 829, 602, 1064]",0 0.433532 0.528181 0.327381 0.131138,images/train/bangle_comp_053_2.jpg,labels/train/bangle_comp_053_2.txt,qa/overlays/train/bangle_comp_053_2.jpg
bangle_comp_054_1,train,bangle_gpt_054.png,54,1,white_green_flower,86.068,1.0,-13.425,0.0,none,red_orange,"[286, 643, 792, 917]",0 0.534722 0.435268 0.501984 0.152902,images/train/bangle_comp_054_1.jpg,labels/train/bangle_comp_054_1.txt,qa/overlays/train/bangle_comp_054_1.jpg
bangle_comp_054_2,train,bangle_gpt_054.png,54,2,apple_green,76.711,1.0,20.069,0.0,none,none,"[407, 864, 748, 1069]",0 0.572917 0.539342 0.338294 0.114397,images/train/bangle_comp_054_2.jpg,labels/train/bangle_comp_054_2.txt,qa/overlays/train/bangle_comp_054_2.jpg
bangle_comp_055_1,train,bangle_gpt_055.png,55,1,imperial_green,75.479,1.0,18.557,0.0,none,none,"[280, 809, 585, 1006]",0 0.429067 0.506417 0.302579 0.109933,images/train/bangle_comp_055_1.jpg,labels/train/bangle_comp_055_1.txt,qa/overlays/train/bangle_comp_055_1.jpg
bangle_comp_055_2,train,bangle_gpt_055.png,55,2,yellow_honey,83.851,1.0,2.299,0.0,none,none,"[312, 996, 793, 1220]",0 0.548115 0.618304 0.477183 0.125000,images/train/bangle_comp_055_2.jpg,labels/train/bangle_comp_055_2.txt,qa/overlays/train/bangle_comp_055_2.jpg
bangle_comp_056_1,test,bangle_gpt_056.png,56,1,lavender_purple,86.703,0.9988,-25.722,0.847,left,red_orange,"[145, 827, 662, 1220]",0 0.400298 0.571150 0.512897 0.219308,images/test/bangle_comp_056_1.jpg,labels/test/bangle_comp_056_1.txt,qa/overlays/test/bangle_comp_056_1.jpg
bangle_comp_056_2,test,bangle_gpt_056.png,56,2,black_ink,92.058,1.0,25.988,0.0,bottom,none,"[250, 883, 823, 1263]",0 0.532242 0.598772 0.568452 0.212054,images/test/bangle_comp_056_2.jpg,labels/test/bangle_comp_056_2.txt,qa/overlays/test/bangle_comp_056_2.jpg
bangle_comp_057_1,test,bangle_gpt_057.png,57,1,icy_white,87.743,1.0,29.792,0.0,right,red_orange,"[145, 682, 698, 1122]",0 0.418155 0.503348 0.548611 0.245536,images/test/bangle_comp_057_1.jpg,labels/test/bangle_comp_057_1.txt,qa/overlays/test/bangle_comp_057_1.jpg
bangle_comp_057_2,test,bangle_gpt_057.png,57,2,blue_water,85.48,1.0,7.035,0.814,none,red_orange,"[152, 932, 676, 1257]",0 0.410714 0.610770 0.519841 0.181362,images/test/bangle_comp_057_2.jpg,labels/test/bangle_comp_057_2.txt,qa/overlays/test/bangle_comp_057_2.jpg
bangle_comp_058_1,train,bangle_gpt_058.png,58,1,bean_green,87.849,0.953,20.261,0.0,bottom,red_orange,"[203, 861, 717, 1189]",0 0.456349 0.571987 0.509921 0.183036,images/train/bangle_comp_058_1.jpg,labels/train/bangle_comp_058_1.txt,qa/overlays/train/bangle_comp_058_1.jpg
bangle_comp_058_2,train,bangle_gpt_058.png,58,2,dark_green,77.069,1.0,29.105,0.0,none,none,"[415, 852, 770, 1101]",0 0.587798 0.544922 0.352183 0.138951,images/train/bangle_comp_058_2.jpg,labels/train/bangle_comp_058_2.txt,qa/overlays/train/bangle_comp_058_2.jpg
bangle_comp_059_1,val,bangle_gpt_059.png,59,1,white_green_flower,79.292,1.0,12.605,0.0,right,none,"[285, 991, 674, 1201]",0 0.475694 0.611607 0.385913 0.117188,images/val/bangle_comp_059_1.jpg,labels/val/bangle_comp_059_1.txt,qa/overlays/val/bangle_comp_059_1.jpg
bangle_comp_059_2,val,bangle_gpt_059.png,59,2,apple_green,89.25,0.9802,-29.144,0.0,none,red_orange,"[245, 915, 740, 1288]",0 0.488591 0.614676 0.491071 0.208147,images/val/bangle_comp_059_2.jpg,labels/val/bangle_comp_059_2.txt,qa/overlays/val/bangle_comp_059_2.jpg
bangle_comp_060_1,train,bangle_gpt_060.png,60,1,imperial_green,86.402,0.9984,-28.692,0.0,none,red_orange,"[275, 944, 730, 1288]",0 0.498512 0.622768 0.451389 0.191964,images/train/bangle_comp_060_1.jpg,labels/train/bangle_comp_060_1.txt,qa/overlays/train/bangle_comp_060_1.jpg
bangle_comp_060_2,train,bangle_gpt_060.png,60,2,yellow_honey,73.146,1.0,-22.898,0.642,none,none,"[344, 918, 654, 1142]",0 0.495040 0.574777 0.307540 0.125000,images/train/bangle_comp_060_2.jpg,labels/train/bangle_comp_060_2.txt,qa/overlays/train/bangle_comp_060_2.jpg
bangle_comp_061_1,train,bangle_gpt_061.png,61,1,lavender_purple,75.156,1.0,-27.452,0.0,none,none,"[299, 749, 615, 969]",0 0.453373 0.479353 0.313492 0.122768,images/train/bangle_comp_061_1.jpg,labels/train/bangle_comp_061_1.txt,qa/overlays/train/bangle_comp_061_1.jpg
bangle_comp_061_2,train,bangle_gpt_061.png,61,2,black_ink,78.211,1.0,32.508,0.0,bottom,red_orange,"[409, 947, 783, 1247]",0 0.591270 0.612165 0.371032 0.167411,images/train/bangle_comp_061_2.jpg,labels/train/bangle_comp_061_2.txt,qa/overlays/train/bangle_comp_061_2.jpg
bangle_comp_062_1,train,bangle_gpt_062.png,62,1,icy_white,69.048,1.0,-33.837,1.382,bottom,none,"[435, 679, 795, 980]",0 0.610119 0.462891 0.357143 0.167969,images/train/bangle_comp_062_1.jpg,labels/train/bangle_comp_062_1.txt,qa/overlays/train/bangle_comp_062_1.jpg
bangle_comp_062_2,train,bangle_gpt_062.png,62,2,blue_water,82.466,1.0,-3.031,0.0,right,none,"[224, 747, 670, 959]",0 0.443452 0.476004 0.442460 0.118304,images/train/bangle_comp_062_2.jpg,labels/train/bangle_comp_062_2.txt,qa/overlays/train/bangle_comp_062_2.jpg
bangle_comp_063_1,train,bangle_gpt_063.png,63,1,bean_green,80.518,1.0,9.248,0.0,none,red_orange,"[421, 738, 868, 967]",0 0.639385 0.475725 0.443452 0.127790,images/train/bangle_comp_063_1.jpg,labels/train/bangle_comp_063_1.txt,qa/overlays/train/bangle_comp_063_1.jpg
bangle_comp_063_2,train,bangle_gpt_063.png,63,2,dark_green,75.135,1.0,10.457,0.0,right,none,"[463, 837, 770, 1007]",0 0.611607 0.514509 0.304563 0.094866,images/train/bangle_comp_063_2.jpg,labels/train/bangle_comp_063_2.txt,qa/overlays/train/bangle_comp_063_2.jpg
bangle_comp_064_1,train,bangle_gpt_064.png,64,1,white_green_flower,77.9,1.0,4.673,0.768,right,none,"[378, 845, 798, 1070]",0 0.583333 0.534319 0.416667 0.125558,images/train/bangle_comp_064_1.jpg,labels/train/bangle_comp_064_1.txt,qa/overlays/train/bangle_comp_064_1.jpg
bangle_comp_064_2,train,bangle_gpt_064.png,64,2,apple_green,86.032,1.0,-12.438,0.745,right,red_orange,"[359, 600, 901, 946]",0 0.625000 0.431362 0.537698 0.193080,images/train/bangle_comp_064_2.jpg,labels/train/bangle_comp_064_2.txt,qa/overlays/train/bangle_comp_064_2.jpg
bangle_comp_065_1,train,bangle_gpt_065.png,65,1,imperial_green,73.787,1.0,-27.909,0.0,none,none,"[204, 744, 530, 974]",0 0.364087 0.479353 0.323413 0.128348,images/train/bangle_comp_065_1.jpg,labels/train/bangle_comp_065_1.txt,qa/overlays/train/bangle_comp_065_1.jpg
bangle_comp_065_2,train,bangle_gpt_065.png,65,2,yellow_honey,82.419,1.0,20.749,0.9,none,none,"[114, 590, 616, 950]",0 0.362103 0.429688 0.498016 0.200893,images/train/bangle_comp_065_2.jpg,labels/train/bangle_comp_065_2.txt,qa/overlays/train/bangle_comp_065_2.jpg
bangle_comp_066_1,train,bangle_gpt_066.png,66,1,lavender_purple,70.611,1.0,-18.922,1.489,none,none,"[379, 769, 735, 1021]",0 0.552579 0.499442 0.353175 0.140625,images/train/bangle_comp_066_1.jpg,labels/train/bangle_comp_066_1.txt,qa/overlays/train/bangle_comp_066_1.jpg
bangle_comp_066_2,train,bangle_gpt_066.png,66,2,black_ink,91.721,1.0,-10.975,0.0,none,red_orange,"[278, 824, 880, 1219]",0 0.574405 0.570033 0.597222 0.220424,images/train/bangle_comp_066_2.jpg,labels/train/bangle_comp_066_2.txt,qa/overlays/train/bangle_comp_066_2.jpg
bangle_comp_067_1,val,bangle_gpt_067.png,67,1,icy_white,80.183,1.0,19.497,0.0,none,red_orange,"[325, 632, 746, 877]",0 0.531250 0.421038 0.417659 0.136719,images/val/bangle_comp_067_1.jpg,labels/val/bangle_comp_067_1.txt,qa/overlays/val/bangle_comp_067_1.jpg
bangle_comp_067_2,val,bangle_gpt_067.png,67,2,blue_water,90.088,1.0,16.708,0.0,none,none,"[209, 890, 837, 1283]",0 0.518849 0.606306 0.623016 0.219308,images/val/bangle_comp_067_2.jpg,labels/val/bangle_comp_067_2.txt,qa/overlays/val/bangle_comp_067_2.jpg
bangle_comp_068_1,train,bangle_gpt_068.png,68,1,bean_green,76.512,1.0,-1.076,0.97,right,red_orange,"[169, 945, 611, 1175]",0 0.386905 0.591518 0.438492 0.128348,images/train/bangle_comp_068_1.jpg,labels/train/bangle_comp_068_1.txt,qa/overlays/train/bangle_comp_068_1.jpg
bangle_comp_068_2,train,bangle_gpt_068.png,68,2,dark_green,73.376,1.0,7.557,0.431,none,none,"[255, 958, 563, 1145]",0 0.405754 0.586775 0.305556 0.104353,images/train/bangle_comp_068_2.jpg,labels/train/bangle_comp_068_2.txt,qa/overlays/train/bangle_comp_068_2.jpg
bangle_comp_069_1,test,bangle_gpt_069.png,69,1,white_green_flower,93.197,1.0,-13.283,0.0,right,red_orange,"[219, 638, 823, 951]",0 0.516865 0.443359 0.599206 0.174665,images/test/bangle_comp_069_1.jpg,labels/test/bangle_comp_069_1.txt,qa/overlays/test/bangle_comp_069_1.jpg
bangle_comp_069_2,test,bangle_gpt_069.png,69,2,apple_green,94.951,1.0,-5.047,0.0,bottom,none,"[271, 911, 883, 1264]",0 0.572421 0.606864 0.607143 0.196987,images/test/bangle_comp_069_2.jpg,labels/test/bangle_comp_069_2.txt,qa/overlays/test/bangle_comp_069_2.jpg
bangle_comp_070_1,train,bangle_gpt_070.png,70,1,imperial_green,82.269,1.0,-5.838,0.0,none,none,"[205, 647, 627, 904]",0 0.412698 0.432757 0.418651 0.143415,images/train/bangle_comp_070_1.jpg,labels/train/bangle_comp_070_1.txt,qa/overlays/train/bangle_comp_070_1.jpg
bangle_comp_070_2,train,bangle_gpt_070.png,70,2,yellow_honey,81.374,1.0,-14.712,0.0,none,red_orange,"[191, 910, 629, 1155]",0 0.406746 0.576172 0.434524 0.136719,images/train/bangle_comp_070_2.jpg,labels/train/bangle_comp_070_2.txt,qa/overlays/train/bangle_comp_070_2.jpg
bangle_comp_071_1,train,bangle_gpt_071.png,71,1,lavender_purple,90.422,1.0,25.108,0.0,none,none,"[295, 760, 818, 1102]",0 0.552083 0.519531 0.518849 0.190848,images/train/bangle_comp_071_1.jpg,labels/train/bangle_comp_071_1.txt,qa/overlays/train/bangle_comp_071_1.jpg
bangle_comp_071_2,train,bangle_gpt_071.png,71,2,black_ink,62.091,0.7944,-18.401,0.91,bottom,none,"[383, 781, 694, 951]",0 0.534226 0.483259 0.308532 0.094866,images/train/bangle_comp_071_2.jpg,labels/train/bangle_comp_071_2.txt,qa/overlays/train/bangle_comp_071_2.jpg
bangle_comp_072_1,val,bangle_gpt_072.png,72,1,icy_white,81.404,1.0,-5.868,0.0,right,red_orange,"[176, 832, 601, 1051]",0 0.385417 0.525391 0.421627 0.122210,images/val/bangle_comp_072_1.jpg,labels/val/bangle_comp_072_1.txt,qa/overlays/val/bangle_comp_072_1.jpg
bangle_comp_072_2,val,bangle_gpt_072.png,72,2,blue_water,88.465,1.0,-13.205,0.0,none,none,"[323, 895, 849, 1197]",0 0.581349 0.583705 0.521825 0.168527,images/val/bangle_comp_072_2.jpg,labels/val/bangle_comp_072_2.txt,qa/overlays/val/bangle_comp_072_2.jpg
bangle_comp_073_1,test,bangle_gpt_073.png,73,1,bean_green,84.212,1.0,-14.102,0.0,none,red_orange,"[400, 918, 848, 1221]",0 0.619048 0.596819 0.444444 0.169085,images/test/bangle_comp_073_1.jpg,labels/test/bangle_comp_073_1.txt,qa/overlays/test/bangle_comp_073_1.jpg
bangle_comp_073_2,test,bangle_gpt_073.png,73,2,dark_green,89.278,0.9876,8.812,0.445,left,red_orange,"[272, 705, 878, 1098]",0 0.570437 0.503069 0.601190 0.219308,images/test/bangle_comp_073_2.jpg,labels/test/bangle_comp_073_2.txt,qa/overlays/test/bangle_comp_073_2.jpg
bangle_comp_074_1,test,bangle_gpt_074.png,74,1,white_green_flower,87.957,1.0,-22.161,0.0,none,none,"[167, 608, 686, 941]",0 0.423115 0.432199 0.514881 0.185826,images/test/bangle_comp_074_1.jpg,labels/test/bangle_comp_074_1.txt,qa/overlays/test/bangle_comp_074_1.jpg
bangle_comp_074_2,test,bangle_gpt_074.png,74,2,apple_green,90.923,1.0,27.989,0.0,none,red_orange,"[371, 711, 862, 1115]",0 0.611607 0.509487 0.487103 0.225446,images/test/bangle_comp_074_2.jpg,labels/test/bangle_comp_074_2.txt,qa/overlays/test/bangle_comp_074_2.jpg
bangle_comp_075_1,val,bangle_gpt_075.png,75,1,imperial_green,83.897,1.0,19.147,0.0,none,none,"[361, 812, 786, 1100]",0 0.568948 0.533482 0.421627 0.160714,images/val/bangle_comp_075_1.jpg,labels/val/bangle_comp_075_1.txt,qa/overlays/val/bangle_comp_075_1.jpg
bangle_comp_075_2,val,bangle_gpt_075.png,75,2,yellow_honey,81.171,1.0,-13.44,0.644,right,none,"[302, 828, 714, 1102]",0 0.503968 0.538504 0.408730 0.152902,images/val/bangle_comp_075_2.jpg,labels/val/bangle_comp_075_2.txt,qa/overlays/val/bangle_comp_075_2.jpg
bangle_comp_076_1,train,bangle_gpt_076.png,76,1,lavender_purple,63.506,0.7719,13.142,0.689,right,red_orange,"[449, 871, 724, 1074]",0 0.581845 0.542690 0.272817 0.113281,images/train/bangle_comp_076_1.jpg,labels/train/bangle_comp_076_1.txt,qa/overlays/train/bangle_comp_076_1.jpg
bangle_comp_076_2,train,bangle_gpt_076.png,76,2,black_ink,91.841,1.0,25.145,0.0,none,none,"[292, 703, 856, 1093]",0 0.569444 0.501116 0.559524 0.217634,images/train/bangle_comp_076_2.jpg,labels/train/bangle_comp_076_2.txt,qa/overlays/train/bangle_comp_076_2.jpg
bangle_comp_077_1,train,bangle_gpt_077.png,77,1,icy_white,83.956,1.0,14.773,0.0,right,none,"[290, 926, 690, 1218]",0 0.486111 0.598214 0.396825 0.162946,images/train/bangle_comp_077_1.jpg,labels/train/bangle_comp_077_1.txt,qa/overlays/train/bangle_comp_077_1.jpg
bangle_comp_077_2,train,bangle_gpt_077.png,77,2,blue_water,68.549,1.0,10.738,1.556,none,none,"[305, 660, 680, 847]",0 0.488591 0.420480 0.372024 0.104353,images/train/bangle_comp_077_2.jpg,labels/train/bangle_comp_077_2.txt,qa/overlays/train/bangle_comp_077_2.jpg
bangle_comp_078_1,test,bangle_gpt_078.png,78,1,bean_green,95.223,1.0,-3.92,0.0,none,red_orange,"[117, 872, 701, 1239]",0 0.405754 0.589007 0.579365 0.204799,images/test/bangle_comp_078_1.jpg,labels/test/bangle_comp_078_1.txt,qa/overlays/test/bangle_comp_078_1.jpg
bangle_comp_078_2,test,bangle_gpt_078.png,78,2,dark_green,90.568,1.0,27.453,0.0,bottom,red_orange,"[253, 710, 735, 1081]",0 0.490079 0.499721 0.478175 0.207031,images/test/bangle_comp_078_2.jpg,labels/test/bangle_comp_078_2.txt,qa/overlays/test/bangle_comp_078_2.jpg
bangle_comp_079_1,test,bangle_gpt_079.png,79,1,white_green_flower,80.981,0.9371,10.102,0.0,bottom,none,"[385, 837, 805, 1098]",0 0.590278 0.539900 0.416667 0.145647,images/test/bangle_comp_079_1.jpg,labels/test/bangle_comp_079_1.txt,qa/overlays/test/bangle_comp_079_1.jpg
bangle_comp_079_2,test,bangle_gpt_079.png,79,2,apple_green,94.14,1.0,-1.132,0.0,right,none,"[184, 910, 728, 1246]",0 0.452381 0.601562 0.539683 0.187500,images/test/bangle_comp_079_2.jpg,labels/test/bangle_comp_079_2.txt,qa/overlays/test/bangle_comp_079_2.jpg
bangle_comp_080_1,train,bangle_gpt_080.png,80,1,imperial_green,87.304,1.0,13.858,0.737,bottom,none,"[281, 701, 784, 1047]",0 0.528274 0.487723 0.499008 0.193080,images/train/bangle_comp_080_1.jpg,labels/train/bangle_comp_080_1.txt,qa/overlays/train/bangle_comp_080_1.jpg
bangle_comp_080_2,train,bangle_gpt_080.png,80,2,yellow_honey,71.935,1.0,15.194,0.71,none,red_orange,"[245, 967, 600, 1160]",0 0.419147 0.593471 0.352183 0.107701,images/train/bangle_comp_080_2.jpg,labels/train/bangle_comp_080_2.txt,qa/overlays/train/bangle_comp_080_2.jpg
bangle_comp_081_1,train,bangle_gpt_081.png,81,1,lavender_purple,71.729,1.0,-17.233,0.78,bottom,none,"[438, 884, 785, 1089]",0 0.606647 0.550502 0.344246 0.114397,images/train/bangle_comp_081_1.jpg,labels/train/bangle_comp_081_1.txt,qa/overlays/train/bangle_comp_081_1.jpg
bangle_comp_081_2,train,bangle_gpt_081.png,81,2,black_ink,75.602,1.0,11.618,0.0,none,none,"[409, 675, 755, 860]",0 0.577381 0.428292 0.343254 0.103237,images/train/bangle_comp_081_2.jpg,labels/train/bangle_comp_081_2.txt,qa/overlays/train/bangle_comp_081_2.jpg
bangle_comp_082_1,val,bangle_gpt_082.png,82,1,icy_white,76.661,1.0,-33.466,0.0,none,none,"[281, 842, 604, 1110]",0 0.438988 0.544643 0.320437 0.149554,images/val/bangle_comp_082_1.jpg,labels/val/bangle_comp_082_1.txt,qa/overlays/val/bangle_comp_082_1.jpg
bangle_comp_082_2,val,bangle_gpt_082.png,82,2,blue_water,94.143,1.0,-28.261,0.0,none,none,"[233, 787, 773, 1164]",0 0.499008 0.544364 0.535714 0.210379,images/val/bangle_comp_082_2.jpg,labels/val/bangle_comp_082_2.txt,qa/overlays/val/bangle_comp_082_2.jpg
bangle_comp_083_1,train,bangle_gpt_083.png,83,1,bean_green,72.358,0.8465,-31.214,0.0,left,red_orange,"[384, 886, 726, 1164]",0 0.550595 0.571987 0.339286 0.155134,images/train/bangle_comp_083_1.jpg,labels/train/bangle_comp_083_1.txt,qa/overlays/train/bangle_comp_083_1.jpg
bangle_comp_083_2,train,bangle_gpt_083.png,83,2,dark_green,92.871,1.0,11.07,0.662,left,none,"[227, 697, 780, 1080]",0 0.499504 0.495815 0.548611 0.213728,images/train/bangle_comp_083_2.jpg,labels/train/bangle_comp_083_2.txt,qa/overlays/train/bangle_comp_083_2.jpg
bangle_comp_084_1,train,bangle_gpt_084.png,84,1,white_green_flower,74.638,1.0,17.233,1.135,none,red_orange,"[328, 609, 761, 869]",0 0.540179 0.412388 0.429563 0.145089,images/train/bangle_comp_084_1.jpg,labels/train/bangle_comp_084_1.txt,qa/overlays/train/bangle_comp_084_1.jpg
bangle_comp_084_2,train,bangle_gpt_084.png,84,2,apple_green,86.426,1.0,9.621,0.0,none,none,"[155, 930, 670, 1205]",0 0.409226 0.595703 0.510913 0.153460,images/train/bangle_comp_084_2.jpg,labels/train/bangle_comp_084_2.txt,qa/overlays/train/bangle_comp_084_2.jpg
bangle_comp_085_1,train,bangle_gpt_085.png,85,1,imperial_green,74.932,1.0,-33.365,0.0,none,none,"[211, 977, 549, 1259]",0 0.376984 0.623884 0.335317 0.157366,images/train/bangle_comp_085_1.jpg,labels/train/bangle_comp_085_1.txt,qa/overlays/train/bangle_comp_085_1.jpg
bangle_comp_085_2,train,bangle_gpt_085.png,85,2,yellow_honey,72.653,1.0,-16.402,0.895,none,none,"[215, 695, 608, 920]",0 0.408234 0.450614 0.389881 0.125558,images/train/bangle_comp_085_2.jpg,labels/train/bangle_comp_085_2.txt,qa/overlays/train/bangle_comp_085_2.jpg
bangle_comp_086_1,test,bangle_gpt_086.png,86,1,lavender_purple,92.737,1.0,19.166,0.0,right,red_orange,"[129, 750, 728, 1123]",0 0.425099 0.522600 0.594246 0.208147,images/test/bangle_comp_086_1.jpg,labels/test/bangle_comp_086_1.txt,qa/overlays/test/bangle_comp_086_1.jpg
bangle_comp_086_2,test,bangle_gpt_086.png,86,2,black_ink,81.933,0.9918,-15.744,0.0,bottom,red_orange,"[220, 742, 621, 1022]",0 0.417163 0.492188 0.397817 0.156250,images/test/bangle_comp_086_2.jpg,labels/test/bangle_comp_086_2.txt,qa/overlays/test/bangle_comp_086_2.jpg
bangle_comp_087_1,train,bangle_gpt_087.png,87,1,icy_white,79.174,1.0,-29.555,0.0,bottom,red_orange,"[277, 792, 632, 1068]",0 0.450893 0.518973 0.352183 0.154018,images/train/bangle_comp_087_1.jpg,labels/train/bangle_comp_087_1.txt,qa/overlays/train/bangle_comp_087_1.jpg
bangle_comp_087_2,train,bangle_gpt_087.png,87,2,blue_water,81.204,0.8459,7.509,0.0,right,red_orange,"[173, 819, 666, 1084]",0 0.416171 0.530971 0.489087 0.147879,images/train/bangle_comp_087_2.jpg,labels/train/bangle_comp_087_2.txt,qa/overlays/train/bangle_comp_087_2.jpg
bangle_comp_088_1,train,bangle_gpt_088.png,88,1,bean_green,83.031,0.9819,18.753,0.0,right,none,"[359, 734, 773, 1033]",0 0.561508 0.493025 0.410714 0.166853,images/train/bangle_comp_088_1.jpg,labels/train/bangle_comp_088_1.txt,qa/overlays/train/bangle_comp_088_1.jpg
bangle_comp_088_2,train,bangle_gpt_088.png,88,2,dark_green,76.177,1.0,20.781,0.0,left,red_orange,"[228, 966, 573, 1202]",0 0.397321 0.604911 0.342262 0.131696,images/train/bangle_comp_088_2.jpg,labels/train/bangle_comp_088_2.txt,qa/overlays/train/bangle_comp_088_2.jpg
bangle_comp_089_1,train,bangle_gpt_089.png,89,1,white_green_flower,86.863,1.0,-17.588,0.0,none,none,"[356, 898, 869, 1205]",0 0.607639 0.586775 0.508929 0.171317,images/train/bangle_comp_089_1.jpg,labels/train/bangle_comp_089_1.txt,qa/overlays/train/bangle_comp_089_1.jpg
bangle_comp_089_2,train,bangle_gpt_089.png,89,2,apple_green,73.711,0.8614,-5.579,0.0,left,red_orange,"[316, 948, 632, 1153]",0 0.470238 0.586217 0.313492 0.114397,images/train/bangle_comp_089_2.jpg,labels/train/bangle_comp_089_2.txt,qa/overlays/train/bangle_comp_089_2.jpg
bangle_comp_090_1,train,bangle_gpt_090.png,90,1,imperial_green,72.944,1.0,-33.521,0.779,none,none,"[282, 683, 623, 976]",0 0.448909 0.462891 0.338294 0.163504,images/train/bangle_comp_090_1.jpg,labels/train/bangle_comp_090_1.txt,qa/overlays/train/bangle_comp_090_1.jpg
bangle_comp_090_2,train,bangle_gpt_090.png,90,2,yellow_honey,75.075,0.9679,2.84,0.887,bottom,none,"[356, 680, 759, 907]",0 0.553075 0.442801 0.399802 0.126674,images/train/bangle_comp_090_2.jpg,labels/train/bangle_comp_090_2.txt,qa/overlays/train/bangle_comp_090_2.jpg
bangle_comp_091_1,train,bangle_gpt_091.png,91,1,lavender_purple,68.726,0.8788,9.324,0.557,bottom,none,"[376, 948, 679, 1112]",0 0.523313 0.574777 0.300595 0.091518,images/train/bangle_comp_091_1.jpg,labels/train/bangle_comp_091_1.txt,qa/overlays/train/bangle_comp_091_1.jpg
bangle_comp_091_2,train,bangle_gpt_091.png,91,2,black_ink,71.925,1.0,15.175,1.615,right,none,"[267, 764, 658, 1017]",0 0.458829 0.496931 0.387897 0.141183,images/train/bangle_comp_091_2.jpg,labels/train/bangle_comp_091_2.txt,qa/overlays/train/bangle_comp_091_2.jpg
bangle_comp_092_1,val,bangle_gpt_092.png,92,1,icy_white,80.789,0.9265,23.199,0.0,right,red_orange,"[207, 948, 646, 1262]",0 0.423115 0.616629 0.435516 0.175223,images/val/bangle_comp_092_1.jpg,labels/val/bangle_comp_092_1.txt,qa/overlays/val/bangle_comp_092_1.jpg
bangle_comp_092_2,val,bangle_gpt_092.png,92,2,blue_water,86.718,1.0,19.782,0.951,bottom,red_orange,"[255, 910, 797, 1263]",0 0.521825 0.606306 0.537698 0.196987,images/val/bangle_comp_092_2.jpg,labels/val/bangle_comp_092_2.txt,qa/overlays/val/bangle_comp_092_2.jpg
bangle_comp_093_1,train,bangle_gpt_093.png,93,1,bean_green,74.979,0.962,-25.926,0.0,bottom,none,"[421, 726, 777, 967]",0 0.594246 0.472377 0.353175 0.134487,images/train/bangle_comp_093_1.jpg,labels/train/bangle_comp_093_1.txt,qa/overlays/train/bangle_comp_093_1.jpg
bangle_comp_093_2,train,bangle_gpt_093.png,93,2,dark_green,86.136,1.0,-19.719,0.918,bottom,none,"[112, 713, 645, 1081]",0 0.375496 0.500558 0.528770 0.205357,images/train/bangle_comp_093_2.jpg,labels/train/bangle_comp_093_2.txt,qa/overlays/train/bangle_comp_093_2.jpg
bangle_comp_094_1,test,bangle_gpt_094.png,94,1,white_green_flower,84.844,1.0,3.086,0.0,none,none,"[304, 649, 816, 883]",0 0.555556 0.427455 0.507937 0.130580,images/test/bangle_comp_094_1.jpg,labels/test/bangle_comp_094_1.txt,qa/overlays/test/bangle_comp_094_1.jpg
bangle_comp_094_2,test,bangle_gpt_094.png,94,2,apple_green,91.485,1.0,-20.631,0.0,bottom,none,"[201, 934, 765, 1264]",0 0.479167 0.613281 0.559524 0.184152,images/test/bangle_comp_094_2.jpg,labels/test/bangle_comp_094_2.txt,qa/overlays/test/bangle_comp_094_2.jpg
bangle_comp_095_1,train,bangle_gpt_095.png,95,1,imperial_green,79.617,0.9198,-3.671,1.379,left,none,"[341, 575, 856, 914]",0 0.593750 0.415458 0.510913 0.189174,images/train/bangle_comp_095_1.jpg,labels/train/bangle_comp_095_1.txt,qa/overlays/train/bangle_comp_095_1.jpg
bangle_comp_095_2,train,bangle_gpt_095.png,95,2,yellow_honey,78.603,1.0,-20.829,0.706,none,red_orange,"[167, 819, 602, 1108]",0 0.381448 0.537667 0.431548 0.161272,images/train/bangle_comp_095_2.jpg,labels/train/bangle_comp_095_2.txt,qa/overlays/train/bangle_comp_095_2.jpg
bangle_comp_096_1,test,bangle_gpt_096.png,96,1,lavender_purple,93.188,1.0,-7.769,0.0,none,red_orange,"[146, 691, 740, 1002]",0 0.439484 0.472377 0.589286 0.173549,images/test/bangle_comp_096_1.jpg,labels/test/bangle_comp_096_1.txt,qa/overlays/test/bangle_comp_096_1.jpg
bangle_comp_096_2,test,bangle_gpt_096.png,96,2,black_ink,89.635,1.0,3.642,1.065,left,none,"[247, 624, 837, 965]",0 0.537698 0.443359 0.585317 0.190290,images/test/bangle_comp_096_2.jpg,labels/test/bangle_comp_096_2.txt,qa/overlays/test/bangle_comp_096_2.jpg
bangle_comp_097_1,train,bangle_gpt_097.png,97,1,icy_white,88.578,0.9039,2.434,0.0,right,red_orange,"[308, 880, 927, 1262]",0 0.612599 0.597656 0.614087 0.213170,images/train/bangle_comp_097_1.jpg,labels/train/bangle_comp_097_1.txt,qa/overlays/train/bangle_comp_097_1.jpg
bangle_comp_097_2,train,bangle_gpt_097.png,97,2,blue_water,70.732,1.0,33.001,1.459,right,red_orange,"[307, 656, 665, 962]",0 0.482143 0.451451 0.355159 0.170759,images/train/bangle_comp_097_2.jpg,labels/train/bangle_comp_097_2.txt,qa/overlays/train/bangle_comp_097_2.jpg
bangle_comp_098_1,train,bangle_gpt_098.png,98,1,bean_green,87.542,1.0,0.537,0.0,left,red_orange,"[339, 615, 854, 895]",0 0.591766 0.421317 0.510913 0.156250,images/train/bangle_comp_098_1.jpg,labels/train/bangle_comp_098_1.txt,qa/overlays/train/bangle_comp_098_1.jpg
bangle_comp_098_2,train,bangle_gpt_098.png,98,2,dark_green,78.74,1.0,33.139,0.0,none,red_orange,"[336, 852, 668, 1133]",0 0.498016 0.553850 0.329365 0.156808,images/train/bangle_comp_098_2.jpg,labels/train/bangle_comp_098_2.txt,qa/overlays/train/bangle_comp_098_2.jpg
bangle_comp_099_1,train,bangle_gpt_099.png,99,1,white_green_flower,74.734,0.8182,9.697,0.0,right,red_orange,"[159, 879, 575, 1131]",0 0.364087 0.560826 0.412698 0.140625,images/train/bangle_comp_099_1.jpg,labels/train/bangle_comp_099_1.txt,qa/overlays/train/bangle_comp_099_1.jpg
bangle_comp_099_2,train,bangle_gpt_099.png,99,2,apple_green,65.139,1.0,33.333,1.042,none,red_orange,"[444, 757, 702, 960]",0 0.568452 0.479074 0.255952 0.113281,images/train/bangle_comp_099_2.jpg,labels/train/bangle_comp_099_2.txt,qa/overlays/train/bangle_comp_099_2.jpg
bangle_comp_100_1,test,bangle_gpt_100.png,100,1,imperial_green,93.944,1.0,-12.112,0.0,none,none,"[224, 585, 798, 973]",0 0.506944 0.434710 0.569444 0.216518,images/test/bangle_comp_100_1.jpg,labels/test/bangle_comp_100_1.txt,qa/overlays/test/bangle_comp_100_1.jpg
bangle_comp_100_2,test,bangle_gpt_100.png,100,2,yellow_honey,85.563,0.9168,8.382,1.09,right,none,"[123, 842, 719, 1201]",0 0.417659 0.570033 0.591270 0.200335,images/test/bangle_comp_100_2.jpg,labels/test/bangle_comp_100_2.txt,qa/overlays/test/bangle_comp_100_2.jpg
